phonenumber,firstname,token,accountid
80079500102,UserFirstName10_2,23f2f471c441d0697117547b40587206b3d7182e,3430833178655873970
8007950082,UserFirstName8_2,a01cee5a697ffeaeadf22ee60664cc76fe29b29c,3430833173732418688
8007950062,UserFirstName6_2,29ce825ad19086100152a671c69865dd72a35b72,3430833170669035478
80079500102,UserFirstName10_2,23f2f471c441d0697117547b40587206b3d7182e,3430833178655873970
80079500102,UserFirstName10_2,23f2f471c441d0697117547b40587206b3d7182e,3430833178655873970
8007950082,UserFirstName8_2,a01cee5a697ffeaeadf22ee60664cc76fe29b29c,3430833173732418688
8007950062,UserFirstName6_2,29ce825ad19086100152a671c69865dd72a35b72,3430833170669035478
80079500102,UserFirstName10_2,23f2f471c441d0697117547b40587206b3d7182e,3430833178655873970
80079500102,UserFirstName10_2,23f2f471c441d0697117547b40587206b3d7182e,3430833178655873970
8007950082,UserFirstName8_2,a01cee5a697ffeaeadf22ee60664cc76fe29b29c,3430833173732418688
8007950062,UserFirstName6_2,29ce825ad19086100152a671c69865dd72a35b72,3430833170669035478
80079500102,UserFirstName10_2,23f2f471c441d0697117547b40587206b3d7182e,3430833178655873970
80079500102,UserFirstName10_2,23f2f471c441d0697117547b40587206b3d7182e,3430833178655873970
8007950082,UserFirstName8_2,a01cee5a697ffeaeadf22ee60664cc76fe29b29c,3430833173732418688
8007950062,UserFirstName6_2,29ce825ad19086100152a671c69865dd72a35b72,3430833170669035478
80079500102,UserFirstName10_2,23f2f471c441d0697117547b40587206b3d7182e,3430833178655873970
80079500102,UserFirstName10_2,23f2f471c441d0697117547b40587206b3d7182e,3430833178655873970
8007950082,UserFirstName8_2,a01cee5a697ffeaeadf22ee60664cc76fe29b29c,3430833173732418688
8007950062,UserFirstName6_2,29ce825ad19086100152a671c69865dd72a35b72,3430833170669035478
80079500102,UserFirstName10_2,23f2f471c441d0697117547b40587206b3d7182e,3430833178655873970
80079500102,UserFirstName10_2,23f2f471c441d0697117547b40587206b3d7182e,3430833178655873970
8007950082,UserFirstName8_2,a01cee5a697ffeaeadf22ee60664cc76fe29b29c,3430833173732418688
8007950062,UserFirstName6_2,29ce825ad19086100152a671c69865dd72a35b72,3430833170669035478
80079500102,UserFirstName10_2,23f2f471c441d0697117547b40587206b3d7182e,3430833178655873970
80079500102,UserFirstName10_2,23f2f471c441d0697117547b40587206b3d7182e,3430833178655873970
8007950082,UserFirstName8_2,a01cee5a697ffeaeadf22ee60664cc76fe29b29c,3430833173732418688
8007950062,UserFirstName6_2,29ce825ad19086100152a671c69865dd72a35b72,3430833170669035478
80079500102,UserFirstName10_2,23f2f471c441d0697117547b40587206b3d7182e,3430833178655873970
8007950062,UserFirstName6_2,29ce825ad19086100152a671c69865dd72a35b72,3430833170669035478
80079500102,UserFirstName10_2,23f2f471c441d0697117547b40587206b3d7182e,3430833178655873970
80079500102,UserFirstName10_2,23f2f471c441d0697117547b40587206b3d7182e,3430833178655873970
8007950082,UserFirstName8_2,a01cee5a697ffeaeadf22ee60664cc76fe29b29c,3430833173732418688
8007950062,UserFirstName6_2,29ce825ad19086100152a671c69865dd72a35b72,3430833170669035478
80079500102,UserFirstName10_2,23f2f471c441d0697117547b40587206b3d7182e,3430833178655873970
80079500102,UserFirstName10_2,23f2f471c441d0697117547b40587206b3d7182e,3430833178655873970
8007950082,UserFirstName8_2,a01cee5a697ffeaeadf22ee60664cc76fe29b29c,3430833173732418688
8007950062,UserFirstName6_2,29ce825ad19086100152a671c69865dd72a35b72,3430833170669035478
80079500102,UserFirstName10_2,23f2f471c441d0697117547b40587206b3d7182e,3430833178655873970
80079500102,UserFirstName10_2,23f2f471c441d0697117547b40587206b3d7182e,3430833178655873970
8007950082,UserFirstName8_2,a01cee5a697ffeaeadf22ee60664cc76fe29b29c,3430833173732418688
8007950062,UserFirstName6_2,29ce825ad19086100152a671c69865dd72a35b72,3430833170669035478
80079500102,UserFirstName10_2,23f2f471c441d0697117547b40587206b3d7182e,3430833178655873970
80079500102,UserFirstName10_2,23f2f471c441d0697117547b40587206b3d7182e,3430833178655873970
8007950082,UserFirstName8_2,a01cee5a697ffeaeadf22ee60664cc76fe29b29c,3430833173732418688
8007950062,UserFirstName6_2,29ce825ad19086100152a671c69865dd72a35b72,3430833170669035478
80079500102,UserFirstName10_2,23f2f471c441d0697117547b40587206b3d7182e,3430833178655873970
80079500102,UserFirstName10_2,23f2f471c441d0697117547b40587206b3d7182e,3430833178655873970
8007950082,UserFirstName8_2,a01cee5a697ffeaeadf22ee60664cc76fe29b29c,3430833173732418688
8007950062,UserFirstName6_2,29ce825ad19086100152a671c69865dd72a35b72,3430833170669035478
80079500102,UserFirstName10_2,23f2f471c441d0697117547b40587206b3d7182e,3430833178655873970
80079500102,UserFirstName10_2,23f2f471c441d0697117547b40587206b3d7182e,3430833178655873970
8007950082,UserFirstName8_2,a01cee5a697ffeaeadf22ee60664cc76fe29b29c,3430833173732418688
8007950062,UserFirstName6_2,29ce825ad19086100152a671c69865dd72a35b72,3430833170669035478
80079500102,UserFirstName10_2,23f2f471c441d0697117547b40587206b3d7182e,3430833178655873970
80079500102,UserFirstName10_2,23f2f471c441d0697117547b40587206b3d7182e,3430833178655873970
8007950082,UserFirstName8_2,a01cee5a697ffeaeadf22ee60664cc76fe29b29c,3430833173732418688
8007950062,UserFirstName6_2,29ce825ad19086100152a671c69865dd72a35b72,3430833170669035478
80079500102,UserFirstName10_2,23f2f471c441d0697117547b40587206b3d7182e,3430833178655873970
8007950062,UserFirstName6_2,29ce825ad19086100152a671c69865dd72a35b72,3430833170669035478
80079500102,UserFirstName10_2,23f2f471c441d0697117547b40587206b3d7182e,3430833178655873970
80079500102,UserFirstName10_2,23f2f471c441d0697117547b40587206b3d7182e,3430833178655873970
8007950082,UserFirstName8_2,a01cee5a697ffeaeadf22ee60664cc76fe29b29c,3430833173732418688
8007950062,UserFirstName6_2,29ce825ad19086100152a671c69865dd72a35b72,3430833170669035478
80079500102,UserFirstName10_2,23f2f471c441d0697117547b40587206b3d7182e,3430833178655873970
80079500102,UserFirstName10_2,23f2f471c441d0697117547b40587206b3d7182e,3430833178655873970
8007950082,UserFirstName8_2,a01cee5a697ffeaeadf22ee60664cc76fe29b29c,3430833173732418688
8007950062,UserFirstName6_2,29ce825ad19086100152a671c69865dd72a35b72,3430833170669035478
80079500102,UserFirstName10_2,23f2f471c441d0697117547b40587206b3d7182e,3430833178655873970
80079500102,UserFirstName10_2,23f2f471c441d0697117547b40587206b3d7182e,3430833178655873970
8007950082,UserFirstName8_2,a01cee5a697ffeaeadf22ee60664cc76fe29b29c,3430833173732418688
8007950062,UserFirstName6_2,29ce825ad19086100152a671c69865dd72a35b72,3430833170669035478
80079500102,UserFirstName10_2,23f2f471c441d0697117547b40587206b3d7182e,3430833178655873970
80079500102,UserFirstName10_2,23f2f471c441d0697117547b40587206b3d7182e,3430833178655873970
8007950082,UserFirstName8_2,a01cee5a697ffeaeadf22ee60664cc76fe29b29c,3430833173732418688
8007950062,UserFirstName6_2,29ce825ad19086100152a671c69865dd72a35b72,3430833170669035478
80079500102,UserFirstName10_2,23f2f471c441d0697117547b40587206b3d7182e,3430833178655873970
80079500102,UserFirstName10_2,23f2f471c441d0697117547b40587206b3d7182e,3430833178655873970
8007950082,UserFirstName8_2,a01cee5a697ffeaeadf22ee60664cc76fe29b29c,3430833173732418688
8007950062,UserFirstName6_2,29ce825ad19086100152a671c69865dd72a35b72,3430833170669035478
80079500102,UserFirstName10_2,23f2f471c441d0697117547b40587206b3d7182e,3430833178655873970
80079500102,UserFirstName10_2,23f2f471c441d0697117547b40587206b3d7182e,3430833178655873970
8007950082,UserFirstName8_2,a01cee5a697ffeaeadf22ee60664cc76fe29b29c,3430833173732418688
8007950062,UserFirstName6_2,29ce825ad19086100152a671c69865dd72a35b72,3430833170669035478
80079500102,UserFirstName10_2,23f2f471c441d0697117547b40587206b3d7182e,3430833178655873970
80079500102,UserFirstName10_2,23f2f471c441d0697117547b40587206b3d7182e,3430833178655873970
8007950082,UserFirstName8_2,a01cee5a697ffeaeadf22ee60664cc76fe29b29c,3430833173732418688
8007950062,UserFirstName6_2,29ce825ad19086100152a671c69865dd72a35b72,3430833170669035478
80079500102,UserFirstName10_2,23f2f471c441d0697117547b40587206b3d7182e,3430833178655873970
8007950062,UserFirstName6_2,29ce825ad19086100152a671c69865dd72a35b72,3430833170669035478
80079500102,UserFirstName10_2,23f2f471c441d0697117547b40587206b3d7182e,3430833178655873970
80079500102,UserFirstName10_2,23f2f471c441d0697117547b40587206b3d7182e,3430833178655873970
8007950082,UserFirstName8_2,a01cee5a697ffeaeadf22ee60664cc76fe29b29c,3430833173732418688
8007950062,UserFirstName6_2,29ce825ad19086100152a671c69865dd72a35b72,3430833170669035478
80079500102,UserFirstName10_2,23f2f471c441d0697117547b40587206b3d7182e,3430833178655873970
80079500102,UserFirstName10_2,23f2f471c441d0697117547b40587206b3d7182e,3430833178655873970
8007950082,UserFirstName8_2,a01cee5a697ffeaeadf22ee60664cc76fe29b29c,3430833173732418688
8007950062,UserFirstName6_2,29ce825ad19086100152a671c69865dd72a35b72,3430833170669035478
80079500102,UserFirstName10_2,23f2f471c441d0697117547b40587206b3d7182e,3430833178655873970
80079500102,UserFirstName10_2,23f2f471c441d0697117547b40587206b3d7182e,3430833178655873970
8007950082,UserFirstName8_2,a01cee5a697ffeaeadf22ee60664cc76fe29b29c,3430833173732418688
80079500102,UserFirstName10_2,23f2f471c441d0697117547b40587206b3d7182e,3430833178655873970
8007950082,UserFirstName8_2,a01cee5a697ffeaeadf22ee60664cc76fe29b29c,3430833173732418688
8007950062,UserFirstName6_2,29ce825ad19086100152a671c69865dd72a35b72,3430833170669035478
80079500102,UserFirstName10_2,23f2f471c441d0697117547b40587206b3d7182e,3430833178655873970
80079500102,UserFirstName10_2,23f2f471c441d0697117547b40587206b3d7182e,3430833178655873970
8007950082,UserFirstName8_2,a01cee5a697ffeaeadf22ee60664cc76fe29b29c,3430833173732418688
8007950062,UserFirstName6_2,29ce825ad19086100152a671c69865dd72a35b72,3430833170669035478
80079500102,UserFirstName10_2,23f2f471c441d0697117547b40587206b3d7182e,3430833178655873970
80079500102,UserFirstName10_2,23f2f471c441d0697117547b40587206b3d7182e,3430833178655873970
8007950082,UserFirstName8_2,a01cee5a697ffeaeadf22ee60664cc76fe29b29c,3430833173732418688
8007950062,UserFirstName6_2,29ce825ad19086100152a671c69865dd72a35b72,3430833170669035478
80079500102,UserFirstName10_2,23f2f471c441d0697117547b40587206b3d7182e,3430833178655873970
80079500102,UserFirstName10_2,23f2f471c441d0697117547b40587206b3d7182e,3430833178655873970
8007950082,UserFirstName8_2,a01cee5a697ffeaeadf22ee60664cc76fe29b29c,3430833173732418688
8007950062,UserFirstName6_2,29ce825ad19086100152a671c69865dd72a35b72,3430833170669035478
80079500102,UserFirstName10_2,23f2f471c441d0697117547b40587206b3d7182e,3430833178655873970
80079500102,UserFirstName10_2,23f2f471c441d0697117547b40587206b3d7182e,3430833178655873970
8007950082,UserFirstName8_2,a01cee5a697ffeaeadf22ee60664cc76fe29b29c,3430833173732418688
8007950062,UserFirstName6_2,29ce825ad19086100152a671c69865dd72a35b72,3430833170669035478
80079500102,UserFirstName10_2,23f2f471c441d0697117547b40587206b3d7182e,3430833178655873970
80079500102,UserFirstName10_2,23f2f471c441d0697117547b40587206b3d7182e,3430833178655873970
8007950082,UserFirstName8_2,a01cee5a697ffeaeadf22ee60664cc76fe29b29c,3430833173732418688
8007950062,UserFirstName6_2,29ce825ad19086100152a671c69865dd72a35b72,3430833170669035478
80079500102,UserFirstName10_2,23f2f471c441d0697117547b40587206b3d7182e,3430833178655873970
80079500102,UserFirstName10_2,23f2f471c441d0697117547b40587206b3d7182e,3430833178655873970
8007950082,UserFirstName8_2,a01cee5a697ffeaeadf22ee60664cc76fe29b29c,3430833173732418688
8007950062,UserFirstName6_2,29ce825ad19086100152a671c69865dd72a35b72,3430833170669035478
80079500102,UserFirstName10_2,23f2f471c441d0697117547b40587206b3d7182e,3430833178655873970
8007950062,UserFirstName6_2,29ce825ad19086100152a671c69865dd72a35b72,3430833170669035478
80079500102,UserFirstName10_2,23f2f471c441d0697117547b40587206b3d7182e,3430833178655873970
80079500102,UserFirstName10_2,23f2f471c441d0697117547b40587206b3d7182e,3430833178655873970
8007950082,UserFirstName8_2,a01cee5a697ffeaeadf22ee60664cc76fe29b29c,3430833173732418688
8007950062,UserFirstName6_2,29ce825ad19086100152a671c69865dd72a35b72,3430833170669035478
80079500102,UserFirstName10_2,23f2f471c441d0697117547b40587206b3d7182e,3430833178655873970
80079500102,UserFirstName10_2,23f2f471c441d0697117547b40587206b3d7182e,3430833178655873970
8007950082,UserFirstName8_2,a01cee5a697ffeaeadf22ee60664cc76fe29b29c,3430833173732418688
8007950062,UserFirstName6_2,29ce825ad19086100152a671c69865dd72a35b72,3430833170669035478
80079500102,UserFirstName10_2,23f2f471c441d0697117547b40587206b3d7182e,3430833178655873970
80079500102,UserFirstName10_2,23f2f471c441d0697117547b40587206b3d7182e,3430833178655873970
8007950082,UserFirstName8_2,a01cee5a697ffeaeadf22ee60664cc76fe29b29c,3430833173732418688
8007950062,UserFirstName6_2,29ce825ad19086100152a671c69865dd72a35b72,3430833170669035478
80079500102,UserFirstName10_2,23f2f471c441d0697117547b40587206b3d7182e,3430833178655873970
80079500102,UserFirstName10_2,23f2f471c441d0697117547b40587206b3d7182e,3430833178655873970
8007950082,UserFirstName8_2,a01cee5a697ffeaeadf22ee60664cc76fe29b29c,3430833173732418688
8007950062,UserFirstName6_2,29ce825ad19086100152a671c69865dd72a35b72,3430833170669035478
80079500102,UserFirstName10_2,23f2f471c441d0697117547b40587206b3d7182e,3430833178655873970
80079500102,UserFirstName10_2,23f2f471c441d0697117547b40587206b3d7182e,3430833178655873970
8007950082,UserFirstName8_2,a01cee5a697ffeaeadf22ee60664cc76fe29b29c,3430833173732418688
8007950062,UserFirstName6_2,29ce825ad19086100152a671c69865dd72a35b72,3430833170669035478
80079500102,UserFirstName10_2,23f2f471c441d0697117547b40587206b3d7182e,3430833178655873970
80079500102,UserFirstName10_2,23f2f471c441d0697117547b40587206b3d7182e,3430833178655873970
8007950082,UserFirstName8_2,a01cee5a697ffeaeadf22ee60664cc76fe29b29c,3430833173732418688
8007950062,UserFirstName6_2,29ce825ad19086100152a671c69865dd72a35b72,3430833170669035478
80079500102,UserFirstName10_2,23f2f471c441d0697117547b40587206b3d7182e,3430833178655873970
80079500102,UserFirstName10_2,23f2f471c441d0697117547b40587206b3d7182e,3430833178655873970
8007950082,UserFirstName8_2,a01cee5a697ffeaeadf22ee60664cc76fe29b29c,3430833173732418688
8007950062,UserFirstName6_2,29ce825ad19086100152a671c69865dd72a35b72,3430833170669035478
80079500102,UserFirstName10_2,23f2f471c441d0697117547b40587206b3d7182e,3430833178655873970
8007950062,UserFirstName6_2,29ce825ad19086100152a671c69865dd72a35b72,3430833170669035478
80079500102,UserFirstName10_2,23f2f471c441d0697117547b40587206b3d7182e,3430833178655873970
80079500102,UserFirstName10_2,23f2f471c441d0697117547b40587206b3d7182e,3430833178655873970
8007950082,UserFirstName8_2,a01cee5a697ffeaeadf22ee60664cc76fe29b29c,3430833173732418688
8007950062,UserFirstName6_2,29ce825ad19086100152a671c69865dd72a35b72,3430833170669035478
80079500102,UserFirstName10_2,23f2f471c441d0697117547b40587206b3d7182e,3430833178655873970
80079500102,UserFirstName10_2,23f2f471c441d0697117547b40587206b3d7182e,3430833178655873970
8007950082,UserFirstName8_2,a01cee5a697ffeaeadf22ee60664cc76fe29b29c,3430833173732418688
8007950062,UserFirstName6_2,29ce825ad19086100152a671c69865dd72a35b72,3430833170669035478
80079500102,UserFirstName10_2,23f2f471c441d0697117547b40587206b3d7182e,3430833178655873970
80079500102,UserFirstName10_2,23f2f471c441d0697117547b40587206b3d7182e,3430833178655873970
8007950082,UserFirstName8_2,a01cee5a697ffeaeadf22ee60664cc76fe29b29c,3430833173732418688
8007950062,UserFirstName6_2,29ce825ad19086100152a671c69865dd72a35b72,3430833170669035478
80079500102,UserFirstName10_2,23f2f471c441d0697117547b40587206b3d7182e,3430833178655873970
80079500102,UserFirstName10_2,23f2f471c441d0697117547b40587206b3d7182e,3430833178655873970
8007950082,UserFirstName8_2,a01cee5a697ffeaeadf22ee60664cc76fe29b29c,3430833173732418688
8007950062,UserFirstName6_2,29ce825ad19086100152a671c69865dd72a35b72,3430833170669035478
80079500102,UserFirstName10_2,23f2f471c441d0697117547b40587206b3d7182e,3430833178655873970
80079500102,UserFirstName10_2,23f2f471c441d0697117547b40587206b3d7182e,3430833178655873970
8007950082,UserFirstName8_2,a01cee5a697ffeaeadf22ee60664cc76fe29b29c,3430833173732418688
8007950062,UserFirstName6_2,29ce825ad19086100152a671c69865dd72a35b72,3430833170669035478
80079500102,UserFirstName10_2,23f2f471c441d0697117547b40587206b3d7182e,3430833178655873970
80079500102,UserFirstName10_2,23f2f471c441d0697117547b40587206b3d7182e,3430833178655873970
8007950082,UserFirstName8_2,a01cee5a697ffeaeadf22ee60664cc76fe29b29c,3430833173732418688
8007950062,UserFirstName6_2,29ce825ad19086100152a671c69865dd72a35b72,3430833170669035478
80079500102,UserFirstName10_2,23f2f471c441d0697117547b40587206b3d7182e,3430833178655873970
80079500102,UserFirstName10_2,23f2f471c441d0697117547b40587206b3d7182e,3430833178655873970
8007950082,UserFirstName8_2,a01cee5a697ffeaeadf22ee60664cc76fe29b29c,3430833173732418688
8007950062,UserFirstName6_2,29ce825ad19086100152a671c69865dd72a35b72,3430833170669035478
80079500102,UserFirstName10_2,23f2f471c441d0697117547b40587206b3d7182e,3430833178655873970
8007950062,UserFirstName6_2,29ce825ad19086100152a671c69865dd72a35b72,3430833170669035478
80079500102,UserFirstName10_2,23f2f471c441d0697117547b40587206b3d7182e,3430833178655873970
80079500102,UserFirstName10_2,23f2f471c441d0697117547b40587206b3d7182e,3430833178655873970
8007950082,UserFirstName8_2,a01cee5a697ffeaeadf22ee60664cc76fe29b29c,3430833173732418688
8007950062,UserFirstName6_2,29ce825ad19086100152a671c69865dd72a35b72,3430833170669035478
80079500102,UserFirstName10_2,23f2f471c441d0697117547b40587206b3d7182e,3430833178655873970
80079500102,UserFirstName10_2,23f2f471c441d0697117547b40587206b3d7182e,3430833178655873970
8007950082,UserFirstName8_2,a01cee5a697ffeaeadf22ee60664cc76fe29b29c,3430833173732418688
8007950062,UserFirstName6_2,29ce825ad19086100152a671c69865dd72a35b72,3430833170669035478
80079500102,UserFirstName10_2,23f2f471c441d0697117547b40587206b3d7182e,3430833178655873970
80079500102,UserFirstName10_2,23f2f471c441d0697117547b40587206b3d7182e,3430833178655873970
8007950082,UserFirstName8_2,a01cee5a697ffeaeadf22ee60664cc76fe29b29c,3430833173732418688
80079500102,UserFirstName10_2,23f2f471c441d0697117547b40587206b3d7182e,3430833178655873970
8007950082,UserFirstName8_2,a01cee5a697ffeaeadf22ee60664cc76fe29b29c,3430833173732418688
8007950062,UserFirstName6_2,29ce825ad19086100152a671c69865dd72a35b72,3430833170669035478
80079500102,UserFirstName10_2,23f2f471c441d0697117547b40587206b3d7182e,3430833178655873970
80079500102,UserFirstName10_2,23f2f471c441d0697117547b40587206b3d7182e,3430833178655873970
8007950082,UserFirstName8_2,a01cee5a697ffeaeadf22ee60664cc76fe29b29c,3430833173732418688
8007950062,UserFirstName6_2,29ce825ad19086100152a671c69865dd72a35b72,3430833170669035478
80079500102,UserFirstName10_2,23f2f471c441d0697117547b40587206b3d7182e,3430833178655873970
80079500102,UserFirstName10_2,23f2f471c441d0697117547b40587206b3d7182e,3430833178655873970
8007950082,UserFirstName8_2,a01cee5a697ffeaeadf22ee60664cc76fe29b29c,3430833173732418688
8007950062,UserFirstName6_2,29ce825ad19086100152a671c69865dd72a35b72,3430833170669035478
80079500102,UserFirstName10_2,23f2f471c441d0697117547b40587206b3d7182e,3430833178655873970
80079500102,UserFirstName10_2,23f2f471c441d0697117547b40587206b3d7182e,3430833178655873970
8007950082,UserFirstName8_2,a01cee5a697ffeaeadf22ee60664cc76fe29b29c,3430833173732418688
8007950062,UserFirstName6_2,29ce825ad19086100152a671c69865dd72a35b72,3430833170669035478
80079500102,UserFirstName10_2,23f2f471c441d0697117547b40587206b3d7182e,3430833178655873970
80079500102,UserFirstName10_2,23f2f471c441d0697117547b40587206b3d7182e,3430833178655873970
8007950082,UserFirstName8_2,a01cee5a697ffeaeadf22ee60664cc76fe29b29c,3430833173732418688
8007950062,UserFirstName6_2,29ce825ad19086100152a671c69865dd72a35b72,3430833170669035478
80079500102,UserFirstName10_2,23f2f471c441d0697117547b40587206b3d7182e,3430833178655873970
80079500102,UserFirstName10_2,23f2f471c441d0697117547b40587206b3d7182e,3430833178655873970
8007950082,UserFirstName8_2,a01cee5a697ffeaeadf22ee60664cc76fe29b29c,3430833173732418688
8007950062,UserFirstName6_2,29ce825ad19086100152a671c69865dd72a35b72,3430833170669035478
80079500102,UserFirstName10_2,23f2f471c441d0697117547b40587206b3d7182e,3430833178655873970
80079500102,UserFirstName10_2,23f2f471c441d0697117547b40587206b3d7182e,3430833178655873970
8007950082,UserFirstName8_2,a01cee5a697ffeaeadf22ee60664cc76fe29b29c,3430833173732418688
8007950062,UserFirstName6_2,29ce825ad19086100152a671c69865dd72a35b72,3430833170669035478
80079500102,UserFirstName10_2,23f2f471c441d0697117547b40587206b3d7182e,3430833178655873970
8007950062,UserFirstName6_2,29ce825ad19086100152a671c69865dd72a35b72,3430833170669035478
80079500102,UserFirstName10_2,23f2f471c441d0697117547b40587206b3d7182e,3430833178655873970
80079500102,UserFirstName10_2,23f2f471c441d0697117547b40587206b3d7182e,3430833178655873970
8007950082,UserFirstName8_2,a01cee5a697ffeaeadf22ee60664cc76fe29b29c,3430833173732418688
8007950062,UserFirstName6_2,29ce825ad19086100152a671c69865dd72a35b72,3430833170669035478
80079500102,UserFirstName10_2,23f2f471c441d0697117547b40587206b3d7182e,3430833178655873970
80079500102,UserFirstName10_2,23f2f471c441d0697117547b40587206b3d7182e,3430833178655873970
8007950082,UserFirstName8_2,a01cee5a697ffeaeadf22ee60664cc76fe29b29c,3430833173732418688
8007950062,UserFirstName6_2,29ce825ad19086100152a671c69865dd72a35b72,3430833170669035478
80079500102,UserFirstName10_2,23f2f471c441d0697117547b40587206b3d7182e,3430833178655873970
80079500102,UserFirstName10_2,23f2f471c441d0697117547b40587206b3d7182e,3430833178655873970
8007950082,UserFirstName8_2,a01cee5a697ffeaeadf22ee60664cc76fe29b29c,3430833173732418688
8007950062,UserFirstName6_2,29ce825ad19086100152a671c69865dd72a35b72,3430833170669035478
80079500102,UserFirstName10_2,23f2f471c441d0697117547b40587206b3d7182e,3430833178655873970
80079500102,UserFirstName10_2,23f2f471c441d0697117547b40587206b3d7182e,3430833178655873970
8007950082,UserFirstName8_2,a01cee5a697ffeaeadf22ee60664cc76fe29b29c,3430833173732418688
8007950062,UserFirstName6_2,29ce825ad19086100152a671c69865dd72a35b72,3430833170669035478
80079500102,UserFirstName10_2,23f2f471c441d0697117547b40587206b3d7182e,3430833178655873970
80079500102,UserFirstName10_2,23f2f471c441d0697117547b40587206b3d7182e,3430833178655873970
8007950082,UserFirstName8_2,a01cee5a697ffeaeadf22ee60664cc76fe29b29c,3430833173732418688
8007950062,UserFirstName6_2,29ce825ad19086100152a671c69865dd72a35b72,3430833170669035478
80079500102,UserFirstName10_2,23f2f471c441d0697117547b40587206b3d7182e,3430833178655873970
80079500102,UserFirstName10_2,23f2f471c441d0697117547b40587206b3d7182e,3430833178655873970
8007950082,UserFirstName8_2,a01cee5a697ffeaeadf22ee60664cc76fe29b29c,3430833173732418688
8007950062,UserFirstName6_2,29ce825ad19086100152a671c69865dd72a35b72,3430833170669035478
80079500102,UserFirstName10_2,23f2f471c441d0697117547b40587206b3d7182e,3430833178655873970
80079500102,UserFirstName10_2,23f2f471c441d0697117547b40587206b3d7182e,3430833178655873970
8007950082,UserFirstName8_2,a01cee5a697ffeaeadf22ee60664cc76fe29b29c,3430833173732418688
8007950062,UserFirstName6_2,29ce825ad19086100152a671c69865dd72a35b72,3430833170669035478
80079500102,UserFirstName10_2,23f2f471c441d0697117547b40587206b3d7182e,3430833178655873970
8007950062,UserFirstName6_2,29ce825ad19086100152a671c69865dd72a35b72,3430833170669035478
80079500102,UserFirstName10_2,23f2f471c441d0697117547b40587206b3d7182e,3430833178655873970
80079500102,UserFirstName10_2,23f2f471c441d0697117547b40587206b3d7182e,3430833178655873970
8007950082,UserFirstName8_2,a01cee5a697ffeaeadf22ee60664cc76fe29b29c,3430833173732418688
8007950062,UserFirstName6_2,29ce825ad19086100152a671c69865dd72a35b72,3430833170669035478
80079500102,UserFirstName10_2,23f2f471c441d0697117547b40587206b3d7182e,3430833178655873970
80079500102,UserFirstName10_2,23f2f471c441d0697117547b40587206b3d7182e,3430833178655873970
8007950082,UserFirstName8_2,a01cee5a697ffeaeadf22ee60664cc76fe29b29c,3430833173732418688
8007950062,UserFirstName6_2,29ce825ad19086100152a671c69865dd72a35b72,3430833170669035478
80079500102,UserFirstName10_2,23f2f471c441d0697117547b40587206b3d7182e,3430833178655873970
80079500102,UserFirstName10_2,23f2f471c441d0697117547b40587206b3d7182e,3430833178655873970
8007950082,UserFirstName8_2,a01cee5a697ffeaeadf22ee60664cc76fe29b29c,3430833173732418688
8007950062,UserFirstName6_2,29ce825ad19086100152a671c69865dd72a35b72,3430833170669035478
80079500102,UserFirstName10_2,23f2f471c441d0697117547b40587206b3d7182e,3430833178655873970
80079500102,UserFirstName10_2,23f2f471c441d0697117547b40587206b3d7182e,3430833178655873970
8007950082,UserFirstName8_2,a01cee5a697ffeaeadf22ee60664cc76fe29b29c,3430833173732418688
8007950062,UserFirstName6_2,29ce825ad19086100152a671c69865dd72a35b72,3430833170669035478
80079500102,UserFirstName10_2,23f2f471c441d0697117547b40587206b3d7182e,3430833178655873970
80079500102,UserFirstName10_2,23f2f471c441d0697117547b40587206b3d7182e,3430833178655873970
8007950082,UserFirstName8_2,a01cee5a697ffeaeadf22ee60664cc76fe29b29c,3430833173732418688
8007950062,UserFirstName6_2,29ce825ad19086100152a671c69865dd72a35b72,3430833170669035478
80079500102,UserFirstName10_2,23f2f471c441d0697117547b40587206b3d7182e,3430833178655873970
80079500102,UserFirstName10_2,23f2f471c441d0697117547b40587206b3d7182e,3430833178655873970
8007950082,UserFirstName8_2,a01cee5a697ffeaeadf22ee60664cc76fe29b29c,3430833173732418688
8007950062,UserFirstName6_2,29ce825ad19086100152a671c69865dd72a35b72,3430833170669035478
80079500102,UserFirstName10_2,23f2f471c441d0697117547b40587206b3d7182e,3430833178655873970
80079500102,UserFirstName10_2,23f2f471c441d0697117547b40587206b3d7182e,3430833178655873970
8007950082,UserFirstName8_2,a01cee5a697ffeaeadf22ee60664cc76fe29b29c,3430833173732418688
8007950062,UserFirstName6_2,29ce825ad19086100152a671c69865dd72a35b72,3430833170669035478
80079500102,UserFirstName10_2,23f2f471c441d0697117547b40587206b3d7182e,3430833178655873970
8007950062,UserFirstName6_2,29ce825ad19086100152a671c69865dd72a35b72,3430833170669035478
80079500102,UserFirstName10_2,23f2f471c441d0697117547b40587206b3d7182e,3430833178655873970
80079500102,UserFirstName10_2,23f2f471c441d0697117547b40587206b3d7182e,3430833178655873970
8007950082,UserFirstName8_2,a01cee5a697ffeaeadf22ee60664cc76fe29b29c,3430833173732418688
8007950062,UserFirstName6_2,29ce825ad19086100152a671c69865dd72a35b72,3430833170669035478
80079500102,UserFirstName10_2,23f2f471c441d0697117547b40587206b3d7182e,3430833178655873970
80079500102,UserFirstName10_2,23f2f471c441d0697117547b40587206b3d7182e,3430833178655873970
8007950082,UserFirstName8_2,a01cee5a697ffeaeadf22ee60664cc76fe29b29c,3430833173732418688
8007950062,UserFirstName6_2,29ce825ad19086100152a671c69865dd72a35b72,3430833170669035478
80079500102,UserFirstName10_2,23f2f471c441d0697117547b40587206b3d7182e,3430833178655873970
80079500102,UserFirstName10_2,23f2f471c441d0697117547b40587206b3d7182e,3430833178655873970
8007950082,UserFirstName8_2,a01cee5a697ffeaeadf22ee60664cc76fe29b29c,3430833173732418688
80079500102,UserFirstName10_2,23f2f471c441d0697117547b40587206b3d7182e,3430833178655873970
8007950082,UserFirstName8_2,a01cee5a697ffeaeadf22ee60664cc76fe29b29c,3430833173732418688
8007950062,UserFirstName6_2,29ce825ad19086100152a671c69865dd72a35b72,3430833170669035478
80079500102,UserFirstName10_2,23f2f471c441d0697117547b40587206b3d7182e,3430833178655873970
80079500102,UserFirstName10_2,23f2f471c441d0697117547b40587206b3d7182e,3430833178655873970
8007950082,UserFirstName8_2,a01cee5a697ffeaeadf22ee60664cc76fe29b29c,3430833173732418688
8007950062,UserFirstName6_2,29ce825ad19086100152a671c69865dd72a35b72,3430833170669035478
80079500102,UserFirstName10_2,23f2f471c441d0697117547b40587206b3d7182e,3430833178655873970
80079500102,UserFirstName10_2,23f2f471c441d0697117547b40587206b3d7182e,3430833178655873970
8007950082,UserFirstName8_2,a01cee5a697ffeaeadf22ee60664cc76fe29b29c,3430833173732418688
8007950062,UserFirstName6_2,29ce825ad19086100152a671c69865dd72a35b72,3430833170669035478
80079500102,UserFirstName10_2,23f2f471c441d0697117547b40587206b3d7182e,3430833178655873970
80079500102,UserFirstName10_2,23f2f471c441d0697117547b40587206b3d7182e,3430833178655873970
8007950082,UserFirstName8_2,a01cee5a697ffeaeadf22ee60664cc76fe29b29c,3430833173732418688
8007950062,UserFirstName6_2,29ce825ad19086100152a671c69865dd72a35b72,3430833170669035478
80079500102,UserFirstName10_2,23f2f471c441d0697117547b40587206b3d7182e,3430833178655873970
80079500102,UserFirstName10_2,23f2f471c441d0697117547b40587206b3d7182e,3430833178655873970
8007950082,UserFirstName8_2,a01cee5a697ffeaeadf22ee60664cc76fe29b29c,3430833173732418688
8007950062,UserFirstName6_2,29ce825ad19086100152a671c69865dd72a35b72,3430833170669035478
80079500102,UserFirstName10_2,23f2f471c441d0697117547b40587206b3d7182e,3430833178655873970
80079500102,UserFirstName10_2,23f2f471c441d0697117547b40587206b3d7182e,3430833178655873970
8007950082,UserFirstName8_2,a01cee5a697ffeaeadf22ee60664cc76fe29b29c,3430833173732418688
8007950062,UserFirstName6_2,29ce825ad19086100152a671c69865dd72a35b72,3430833170669035478
80079500102,UserFirstName10_2,23f2f471c441d0697117547b40587206b3d7182e,3430833178655873970
80079500102,UserFirstName10_2,23f2f471c441d0697117547b40587206b3d7182e,3430833178655873970
8007950082,UserFirstName8_2,a01cee5a697ffeaeadf22ee60664cc76fe29b29c,3430833173732418688
8007950062,UserFirstName6_2,29ce825ad19086100152a671c69865dd72a35b72,3430833170669035478
80079500102,UserFirstName10_2,23f2f471c441d0697117547b40587206b3d7182e,3430833178655873970
8007950062,UserFirstName6_2,29ce825ad19086100152a671c69865dd72a35b72,3430833170669035478
80079500102,UserFirstName10_2,23f2f471c441d0697117547b40587206b3d7182e,3430833178655873970
80079500102,UserFirstName10_2,23f2f471c441d0697117547b40587206b3d7182e,3430833178655873970
8007950082,UserFirstName8_2,a01cee5a697ffeaeadf22ee60664cc76fe29b29c,3430833173732418688
8007950062,UserFirstName6_2,29ce825ad19086100152a671c69865dd72a35b72,3430833170669035478
80079500102,UserFirstName10_2,23f2f471c441d0697117547b40587206b3d7182e,3430833178655873970
80079500102,UserFirstName10_2,23f2f471c441d0697117547b40587206b3d7182e,3430833178655873970
8007950082,UserFirstName8_2,a01cee5a697ffeaeadf22ee60664cc76fe29b29c,3430833173732418688
8007950062,UserFirstName6_2,29ce825ad19086100152a671c69865dd72a35b72,3430833170669035478
80079500102,UserFirstName10_2,23f2f471c441d0697117547b40587206b3d7182e,3430833178655873970
80079500102,UserFirstName10_2,23f2f471c441d0697117547b40587206b3d7182e,3430833178655873970
8007950082,UserFirstName8_2,a01cee5a697ffeaeadf22ee60664cc76fe29b29c,3430833173732418688
8007950062,UserFirstName6_2,29ce825ad19086100152a671c69865dd72a35b72,3430833170669035478
80079500102,UserFirstName10_2,23f2f471c441d0697117547b40587206b3d7182e,3430833178655873970
80079500102,UserFirstName10_2,23f2f471c441d0697117547b40587206b3d7182e,3430833178655873970
8007950082,UserFirstName8_2,a01cee5a697ffeaeadf22ee60664cc76fe29b29c,3430833173732418688
8007950062,UserFirstName6_2,29ce825ad19086100152a671c69865dd72a35b72,3430833170669035478
80079500102,UserFirstName10_2,23f2f471c441d0697117547b40587206b3d7182e,3430833178655873970
80079500102,UserFirstName10_2,23f2f471c441d0697117547b40587206b3d7182e,3430833178655873970
8007950082,UserFirstName8_2,a01cee5a697ffeaeadf22ee60664cc76fe29b29c,3430833173732418688
8007950062,UserFirstName6_2,29ce825ad19086100152a671c69865dd72a35b72,3430833170669035478
80079500102,UserFirstName10_2,23f2f471c441d0697117547b40587206b3d7182e,3430833178655873970
80079500102,UserFirstName10_2,23f2f471c441d0697117547b40587206b3d7182e,3430833178655873970
8007950082,UserFirstName8_2,a01cee5a697ffeaeadf22ee60664cc76fe29b29c,3430833173732418688
8007950062,UserFirstName6_2,29ce825ad19086100152a671c69865dd72a35b72,3430833170669035478
80079500102,UserFirstName10_2,23f2f471c441d0697117547b40587206b3d7182e,3430833178655873970
80079500102,UserFirstName10_2,23f2f471c441d0697117547b40587206b3d7182e,3430833178655873970
8007950082,UserFirstName8_2,a01cee5a697ffeaeadf22ee60664cc76fe29b29c,3430833173732418688
8007950062,UserFirstName6_2,29ce825ad19086100152a671c69865dd72a35b72,3430833170669035478
80079500102,UserFirstName10_2,23f2f471c441d0697117547b40587206b3d7182e,3430833178655873970
8007950062,UserFirstName6_2,29ce825ad19086100152a671c69865dd72a35b72,3430833170669035478
80079500102,UserFirstName10_2,23f2f471c441d0697117547b40587206b3d7182e,3430833178655873970
80079500102,UserFirstName10_2,23f2f471c441d0697117547b40587206b3d7182e,3430833178655873970
8007950082,UserFirstName8_2,a01cee5a697ffeaeadf22ee60664cc76fe29b29c,3430833173732418688
8007950062,UserFirstName6_2,29ce825ad19086100152a671c69865dd72a35b72,3430833170669035478
80079500102,UserFirstName10_2,23f2f471c441d0697117547b40587206b3d7182e,3430833178655873970
80079500102,UserFirstName10_2,23f2f471c441d0697117547b40587206b3d7182e,3430833178655873970
8007950082,UserFirstName8_2,a01cee5a697ffeaeadf22ee60664cc76fe29b29c,3430833173732418688
8007950062,UserFirstName6_2,29ce825ad19086100152a671c69865dd72a35b72,3430833170669035478
80079500102,UserFirstName10_2,23f2f471c441d0697117547b40587206b3d7182e,3430833178655873970
80079500102,UserFirstName10_2,23f2f471c441d0697117547b40587206b3d7182e,3430833178655873970
8007950082,UserFirstName8_2,a01cee5a697ffeaeadf22ee60664cc76fe29b29c,3430833173732418688
8007950062,UserFirstName6_2,29ce825ad19086100152a671c69865dd72a35b72,3430833170669035478
80079500102,UserFirstName10_2,23f2f471c441d0697117547b40587206b3d7182e,3430833178655873970
80079500102,UserFirstName10_2,23f2f471c441d0697117547b40587206b3d7182e,3430833178655873970
8007950082,UserFirstName8_2,a01cee5a697ffeaeadf22ee60664cc76fe29b29c,3430833173732418688
8007950062,UserFirstName6_2,29ce825ad19086100152a671c69865dd72a35b72,3430833170669035478
80079500102,UserFirstName10_2,23f2f471c441d0697117547b40587206b3d7182e,3430833178655873970
80079500102,UserFirstName10_2,23f2f471c441d0697117547b40587206b3d7182e,3430833178655873970
8007950082,UserFirstName8_2,a01cee5a697ffeaeadf22ee60664cc76fe29b29c,3430833173732418688
8007950062,UserFirstName6_2,29ce825ad19086100152a671c69865dd72a35b72,3430833170669035478
80079500102,UserFirstName10_2,23f2f471c441d0697117547b40587206b3d7182e,3430833178655873970
80079500102,UserFirstName10_2,23f2f471c441d0697117547b40587206b3d7182e,3430833178655873970
8007950082,UserFirstName8_2,a01cee5a697ffeaeadf22ee60664cc76fe29b29c,3430833173732418688
8007950062,UserFirstName6_2,29ce825ad19086100152a671c69865dd72a35b72,3430833170669035478
80079500102,UserFirstName10_2,23f2f471c441d0697117547b40587206b3d7182e,3430833178655873970
80079500102,UserFirstName10_2,23f2f471c441d0697117547b40587206b3d7182e,3430833178655873970
8007950082,UserFirstName8_2,a01cee5a697ffeaeadf22ee60664cc76fe29b29c,3430833173732418688
8007950062,UserFirstName6_2,29ce825ad19086100152a671c69865dd72a35b72,3430833170669035478
80079500102,UserFirstName10_2,23f2f471c441d0697117547b40587206b3d7182e,3430833178655873970
8007950062,UserFirstName6_2,29ce825ad19086100152a671c69865dd72a35b72,3430833170669035478
80079500102,UserFirstName10_2,23f2f471c441d0697117547b40587206b3d7182e,3430833178655873970
80079500102,UserFirstName10_2,23f2f471c441d0697117547b40587206b3d7182e,3430833178655873970
8007950082,UserFirstName8_2,a01cee5a697ffeaeadf22ee60664cc76fe29b29c,3430833173732418688
8007950062,UserFirstName6_2,29ce825ad19086100152a671c69865dd72a35b72,3430833170669035478
80079500102,UserFirstName10_2,23f2f471c441d0697117547b40587206b3d7182e,3430833178655873970
80079500102,UserFirstName10_2,23f2f471c441d0697117547b40587206b3d7182e,3430833178655873970
8007950082,UserFirstName8_2,a01cee5a697ffeaeadf22ee60664cc76fe29b29c,3430833173732418688
8007950062,UserFirstName6_2,29ce825ad19086100152a671c69865dd72a35b72,3430833170669035478
80079500102,UserFirstName10_2,23f2f471c441d0697117547b40587206b3d7182e,3430833178655873970
80079500102,UserFirstName10_2,23f2f471c441d0697117547b40587206b3d7182e,3430833178655873970
8007950082,UserFirstName8_2,a01cee5a697ffeaeadf22ee60664cc76fe29b29c,3430833173732418688
80079500102,UserFirstName10_2,23f2f471c441d0697117547b40587206b3d7182e,3430833178655873970
8007950082,UserFirstName8_2,a01cee5a697ffeaeadf22ee60664cc76fe29b29c,3430833173732418688
8007950062,UserFirstName6_2,29ce825ad19086100152a671c69865dd72a35b72,3430833170669035478
80079500102,UserFirstName10_2,23f2f471c441d0697117547b40587206b3d7182e,3430833178655873970
80079500102,UserFirstName10_2,23f2f471c441d0697117547b40587206b3d7182e,3430833178655873970
8007950082,UserFirstName8_2,a01cee5a697ffeaeadf22ee60664cc76fe29b29c,3430833173732418688
8007950062,UserFirstName6_2,29ce825ad19086100152a671c69865dd72a35b72,3430833170669035478
80079500102,UserFirstName10_2,23f2f471c441d0697117547b40587206b3d7182e,3430833178655873970
80079500102,UserFirstName10_2,23f2f471c441d0697117547b40587206b3d7182e,3430833178655873970
8007950082,UserFirstName8_2,a01cee5a697ffeaeadf22ee60664cc76fe29b29c,3430833173732418688
8007950062,UserFirstName6_2,29ce825ad19086100152a671c69865dd72a35b72,3430833170669035478
80079500102,UserFirstName10_2,23f2f471c441d0697117547b40587206b3d7182e,3430833178655873970
80079500102,UserFirstName10_2,23f2f471c441d0697117547b40587206b3d7182e,3430833178655873970
8007950082,UserFirstName8_2,a01cee5a697ffeaeadf22ee60664cc76fe29b29c,3430833173732418688
8007950062,UserFirstName6_2,29ce825ad19086100152a671c69865dd72a35b72,3430833170669035478
80079500102,UserFirstName10_2,23f2f471c441d0697117547b40587206b3d7182e,3430833178655873970
80079500102,UserFirstName10_2,23f2f471c441d0697117547b40587206b3d7182e,3430833178655873970
8007950082,UserFirstName8_2,a01cee5a697ffeaeadf22ee60664cc76fe29b29c,3430833173732418688
8007950062,UserFirstName6_2,29ce825ad19086100152a671c69865dd72a35b72,3430833170669035478
80079500102,UserFirstName10_2,23f2f471c441d0697117547b40587206b3d7182e,3430833178655873970
80079500102,UserFirstName10_2,23f2f471c441d0697117547b40587206b3d7182e,3430833178655873970
8007950082,UserFirstName8_2,a01cee5a697ffeaeadf22ee60664cc76fe29b29c,3430833173732418688
8007950062,UserFirstName6_2,29ce825ad19086100152a671c69865dd72a35b72,3430833170669035478
80079500102,UserFirstName10_2,23f2f471c441d0697117547b40587206b3d7182e,3430833178655873970
80079500102,UserFirstName10_2,23f2f471c441d0697117547b40587206b3d7182e,3430833178655873970
8007950082,UserFirstName8_2,a01cee5a697ffeaeadf22ee60664cc76fe29b29c,3430833173732418688
8007950062,UserFirstName6_2,29ce825ad19086100152a671c69865dd72a35b72,3430833170669035478
80079500102,UserFirstName10_2,23f2f471c441d0697117547b40587206b3d7182e,3430833178655873970
8007950062,UserFirstName6_2,29ce825ad19086100152a671c69865dd72a35b72,3430833170669035478
80079500102,UserFirstName10_2,23f2f471c441d0697117547b40587206b3d7182e,3430833178655873970
80079500102,UserFirstName10_2,23f2f471c441d0697117547b40587206b3d7182e,3430833178655873970
8007950082,UserFirstName8_2,a01cee5a697ffeaeadf22ee60664cc76fe29b29c,3430833173732418688
8007950062,UserFirstName6_2,29ce825ad19086100152a671c69865dd72a35b72,3430833170669035478
80079500102,UserFirstName10_2,23f2f471c441d0697117547b40587206b3d7182e,3430833178655873970
80079500102,UserFirstName10_2,23f2f471c441d0697117547b40587206b3d7182e,3430833178655873970
8007950082,UserFirstName8_2,a01cee5a697ffeaeadf22ee60664cc76fe29b29c,3430833173732418688
8007950062,UserFirstName6_2,29ce825ad19086100152a671c69865dd72a35b72,3430833170669035478
80079500102,UserFirstName10_2,23f2f471c441d0697117547b40587206b3d7182e,3430833178655873970
80079500102,UserFirstName10_2,23f2f471c441d0697117547b40587206b3d7182e,3430833178655873970
8007950082,UserFirstName8_2,a01cee5a697ffeaeadf22ee60664cc76fe29b29c,3430833173732418688
8007950062,UserFirstName6_2,29ce825ad19086100152a671c69865dd72a35b72,3430833170669035478
80079500102,UserFirstName10_2,23f2f471c441d0697117547b40587206b3d7182e,3430833178655873970
80079500102,UserFirstName10_2,23f2f471c441d0697117547b40587206b3d7182e,3430833178655873970
8007950082,UserFirstName8_2,a01cee5a697ffeaeadf22ee60664cc76fe29b29c,3430833173732418688
8007950062,UserFirstName6_2,29ce825ad19086100152a671c69865dd72a35b72,3430833170669035478
80079500102,UserFirstName10_2,23f2f471c441d0697117547b40587206b3d7182e,3430833178655873970
80079500102,UserFirstName10_2,23f2f471c441d0697117547b40587206b3d7182e,3430833178655873970
8007950082,UserFirstName8_2,a01cee5a697ffeaeadf22ee60664cc76fe29b29c,3430833173732418688
8007950062,UserFirstName6_2,29ce825ad19086100152a671c69865dd72a35b72,3430833170669035478
80079500102,UserFirstName10_2,23f2f471c441d0697117547b40587206b3d7182e,3430833178655873970
80079500102,UserFirstName10_2,23f2f471c441d0697117547b40587206b3d7182e,3430833178655873970
8007950082,UserFirstName8_2,a01cee5a697ffeaeadf22ee60664cc76fe29b29c,3430833173732418688
8007950062,UserFirstName6_2,29ce825ad19086100152a671c69865dd72a35b72,3430833170669035478
80079500102,UserFirstName10_2,23f2f471c441d0697117547b40587206b3d7182e,3430833178655873970
80079500102,UserFirstName10_2,23f2f471c441d0697117547b40587206b3d7182e,3430833178655873970
8007950082,UserFirstName8_2,a01cee5a697ffeaeadf22ee60664cc76fe29b29c,3430833173732418688
8007950062,UserFirstName6_2,29ce825ad19086100152a671c69865dd72a35b72,3430833170669035478
80079500102,UserFirstName10_2,23f2f471c441d0697117547b40587206b3d7182e,3430833178655873970
8007950062,UserFirstName6_2,29ce825ad19086100152a671c69865dd72a35b72,3430833170669035478
80079500102,UserFirstName10_2,23f2f471c441d0697117547b40587206b3d7182e,3430833178655873970
80079500102,UserFirstName10_2,23f2f471c441d0697117547b40587206b3d7182e,3430833178655873970
8007950082,UserFirstName8_2,a01cee5a697ffeaeadf22ee60664cc76fe29b29c,3430833173732418688
8007950062,UserFirstName6_2,29ce825ad19086100152a671c69865dd72a35b72,3430833170669035478
80079500102,UserFirstName10_2,23f2f471c441d0697117547b40587206b3d7182e,3430833178655873970
80079500102,UserFirstName10_2,23f2f471c441d0697117547b40587206b3d7182e,3430833178655873970
8007950082,UserFirstName8_2,a01cee5a697ffeaeadf22ee60664cc76fe29b29c,3430833173732418688
8007950062,UserFirstName6_2,29ce825ad19086100152a671c69865dd72a35b72,3430833170669035478
80079500102,UserFirstName10_2,23f2f471c441d0697117547b40587206b3d7182e,3430833178655873970
80079500102,UserFirstName10_2,23f2f471c441d0697117547b40587206b3d7182e,3430833178655873970
8007950082,UserFirstName8_2,a01cee5a697ffeaeadf22ee60664cc76fe29b29c,3430833173732418688
8007950062,UserFirstName6_2,29ce825ad19086100152a671c69865dd72a35b72,3430833170669035478
80079500102,UserFirstName10_2,23f2f471c441d0697117547b40587206b3d7182e,3430833178655873970
80079500102,UserFirstName10_2,23f2f471c441d0697117547b40587206b3d7182e,3430833178655873970
8007950082,UserFirstName8_2,a01cee5a697ffeaeadf22ee60664cc76fe29b29c,3430833173732418688
8007950062,UserFirstName6_2,29ce825ad19086100152a671c69865dd72a35b72,3430833170669035478
80079500102,UserFirstName10_2,23f2f471c441d0697117547b40587206b3d7182e,3430833178655873970
80079500102,UserFirstName10_2,23f2f471c441d0697117547b40587206b3d7182e,3430833178655873970
8007950082,UserFirstName8_2,a01cee5a697ffeaeadf22ee60664cc76fe29b29c,3430833173732418688
8007950062,UserFirstName6_2,29ce825ad19086100152a671c69865dd72a35b72,3430833170669035478
80079500102,UserFirstName10_2,23f2f471c441d0697117547b40587206b3d7182e,3430833178655873970
80079500102,UserFirstName10_2,23f2f471c441d0697117547b40587206b3d7182e,3430833178655873970
8007950082,UserFirstName8_2,a01cee5a697ffeaeadf22ee60664cc76fe29b29c,3430833173732418688
8007950062,UserFirstName6_2,29ce825ad19086100152a671c69865dd72a35b72,3430833170669035478
80079500102,UserFirstName10_2,23f2f471c441d0697117547b40587206b3d7182e,3430833178655873970
80079500102,UserFirstName10_2,23f2f471c441d0697117547b40587206b3d7182e,3430833178655873970
8007950082,UserFirstName8_2,a01cee5a697ffeaeadf22ee60664cc76fe29b29c,3430833173732418688
8007950062,UserFirstName6_2,29ce825ad19086100152a671c69865dd72a35b72,3430833170669035478
80079500102,UserFirstName10_2,23f2f471c441d0697117547b40587206b3d7182e,3430833178655873970
8007950062,UserFirstName6_2,29ce825ad19086100152a671c69865dd72a35b72,3430833170669035478
80079500102,UserFirstName10_2,23f2f471c441d0697117547b40587206b3d7182e,3430833178655873970
80079500102,UserFirstName10_2,23f2f471c441d0697117547b40587206b3d7182e,3430833178655873970
8007950082,UserFirstName8_2,a01cee5a697ffeaeadf22ee60664cc76fe29b29c,3430833173732418688
8007950062,UserFirstName6_2,29ce825ad19086100152a671c69865dd72a35b72,3430833170669035478
80079500102,UserFirstName10_2,23f2f471c441d0697117547b40587206b3d7182e,3430833178655873970
80079500102,UserFirstName10_2,23f2f471c441d0697117547b40587206b3d7182e,3430833178655873970
8007950082,UserFirstName8_2,a01cee5a697ffeaeadf22ee60664cc76fe29b29c,3430833173732418688
8007950062,UserFirstName6_2,29ce825ad19086100152a671c69865dd72a35b72,3430833170669035478
80079500102,UserFirstName10_2,23f2f471c441d0697117547b40587206b3d7182e,3430833178655873970
80079500102,UserFirstName10_2,23f2f471c441d0697117547b40587206b3d7182e,3430833178655873970
8007950082,UserFirstName8_2,a01cee5a697ffeaeadf22ee60664cc76fe29b29c,3430833173732418688
80079500102,UserFirstName10_2,23f2f471c441d0697117547b40587206b3d7182e,3430833178655873970
8007950082,UserFirstName8_2,a01cee5a697ffeaeadf22ee60664cc76fe29b29c,3430833173732418688
8007950062,UserFirstName6_2,29ce825ad19086100152a671c69865dd72a35b72,3430833170669035478
80079500102,UserFirstName10_2,23f2f471c441d0697117547b40587206b3d7182e,3430833178655873970
80079500102,UserFirstName10_2,23f2f471c441d0697117547b40587206b3d7182e,3430833178655873970
8007950082,UserFirstName8_2,a01cee5a697ffeaeadf22ee60664cc76fe29b29c,3430833173732418688
8007950062,UserFirstName6_2,29ce825ad19086100152a671c69865dd72a35b72,3430833170669035478
80079500102,UserFirstName10_2,23f2f471c441d0697117547b40587206b3d7182e,3430833178655873970
80079500102,UserFirstName10_2,23f2f471c441d0697117547b40587206b3d7182e,3430833178655873970
8007950082,UserFirstName8_2,a01cee5a697ffeaeadf22ee60664cc76fe29b29c,3430833173732418688
8007950062,UserFirstName6_2,29ce825ad19086100152a671c69865dd72a35b72,3430833170669035478
80079500102,UserFirstName10_2,23f2f471c441d0697117547b40587206b3d7182e,3430833178655873970
80079500102,UserFirstName10_2,23f2f471c441d0697117547b40587206b3d7182e,3430833178655873970
8007950082,UserFirstName8_2,a01cee5a697ffeaeadf22ee60664cc76fe29b29c,3430833173732418688
8007950062,UserFirstName6_2,29ce825ad19086100152a671c69865dd72a35b72,3430833170669035478
80079500102,UserFirstName10_2,23f2f471c441d0697117547b40587206b3d7182e,3430833178655873970
80079500102,UserFirstName10_2,23f2f471c441d0697117547b40587206b3d7182e,3430833178655873970
8007950082,UserFirstName8_2,a01cee5a697ffeaeadf22ee60664cc76fe29b29c,3430833173732418688
8007950062,UserFirstName6_2,29ce825ad19086100152a671c69865dd72a35b72,3430833170669035478
80079500102,UserFirstName10_2,23f2f471c441d0697117547b40587206b3d7182e,3430833178655873970
80079500102,UserFirstName10_2,23f2f471c441d0697117547b40587206b3d7182e,3430833178655873970
8007950082,UserFirstName8_2,a01cee5a697ffeaeadf22ee60664cc76fe29b29c,3430833173732418688
8007950062,UserFirstName6_2,29ce825ad19086100152a671c69865dd72a35b72,3430833170669035478
80079500102,UserFirstName10_2,23f2f471c441d0697117547b40587206b3d7182e,3430833178655873970
80079500102,UserFirstName10_2,23f2f471c441d0697117547b40587206b3d7182e,3430833178655873970
8007950082,UserFirstName8_2,a01cee5a697ffeaeadf22ee60664cc76fe29b29c,3430833173732418688
8007950062,UserFirstName6_2,29ce825ad19086100152a671c69865dd72a35b72,3430833170669035478
80079500102,UserFirstName10_2,23f2f471c441d0697117547b40587206b3d7182e,3430833178655873970
8007950062,UserFirstName6_2,29ce825ad19086100152a671c69865dd72a35b72,3430833170669035478
80079500102,UserFirstName10_2,23f2f471c441d0697117547b40587206b3d7182e,3430833178655873970
80079500102,UserFirstName10_2,23f2f471c441d0697117547b40587206b3d7182e,3430833178655873970
8007950082,UserFirstName8_2,a01cee5a697ffeaeadf22ee60664cc76fe29b29c,3430833173732418688
8007950062,UserFirstName6_2,29ce825ad19086100152a671c69865dd72a35b72,3430833170669035478
80079500102,UserFirstName10_2,23f2f471c441d0697117547b40587206b3d7182e,3430833178655873970
80079500102,UserFirstName10_2,23f2f471c441d0697117547b40587206b3d7182e,3430833178655873970
8007950082,UserFirstName8_2,a01cee5a697ffeaeadf22ee60664cc76fe29b29c,3430833173732418688
8007950062,UserFirstName6_2,29ce825ad19086100152a671c69865dd72a35b72,3430833170669035478
80079500102,UserFirstName10_2,23f2f471c441d0697117547b40587206b3d7182e,3430833178655873970
80079500102,UserFirstName10_2,23f2f471c441d0697117547b40587206b3d7182e,3430833178655873970
8007950082,UserFirstName8_2,a01cee5a697ffeaeadf22ee60664cc76fe29b29c,3430833173732418688
8007950062,UserFirstName6_2,29ce825ad19086100152a671c69865dd72a35b72,3430833170669035478
80079500102,UserFirstName10_2,23f2f471c441d0697117547b40587206b3d7182e,3430833178655873970
80079500102,UserFirstName10_2,23f2f471c441d0697117547b40587206b3d7182e,3430833178655873970
8007950082,UserFirstName8_2,a01cee5a697ffeaeadf22ee60664cc76fe29b29c,3430833173732418688
8007950062,UserFirstName6_2,29ce825ad19086100152a671c69865dd72a35b72,3430833170669035478
80079500102,UserFirstName10_2,23f2f471c441d0697117547b40587206b3d7182e,3430833178655873970
80079500102,UserFirstName10_2,23f2f471c441d0697117547b40587206b3d7182e,3430833178655873970
8007950082,UserFirstName8_2,a01cee5a697ffeaeadf22ee60664cc76fe29b29c,3430833173732418688
8007950062,UserFirstName6_2,29ce825ad19086100152a671c69865dd72a35b72,3430833170669035478
80079500102,UserFirstName10_2,23f2f471c441d0697117547b40587206b3d7182e,3430833178655873970
80079500102,UserFirstName10_2,23f2f471c441d0697117547b40587206b3d7182e,3430833178655873970
8007950082,UserFirstName8_2,a01cee5a697ffeaeadf22ee60664cc76fe29b29c,3430833173732418688
8007950062,UserFirstName6_2,29ce825ad19086100152a671c69865dd72a35b72,3430833170669035478
80079500102,UserFirstName10_2,23f2f471c441d0697117547b40587206b3d7182e,3430833178655873970
80079500102,UserFirstName10_2,23f2f471c441d0697117547b40587206b3d7182e,3430833178655873970
8007950082,UserFirstName8_2,a01cee5a697ffeaeadf22ee60664cc76fe29b29c,3430833173732418688
8007950062,UserFirstName6_2,29ce825ad19086100152a671c69865dd72a35b72,3430833170669035478
80079500102,UserFirstName10_2,23f2f471c441d0697117547b40587206b3d7182e,3430833178655873970
8007950062,UserFirstName6_2,29ce825ad19086100152a671c69865dd72a35b72,3430833170669035478
80079500102,UserFirstName10_2,23f2f471c441d0697117547b40587206b3d7182e,3430833178655873970
80079500102,UserFirstName10_2,23f2f471c441d0697117547b40587206b3d7182e,3430833178655873970
8007950082,UserFirstName8_2,a01cee5a697ffeaeadf22ee60664cc76fe29b29c,3430833173732418688
8007950062,UserFirstName6_2,29ce825ad19086100152a671c69865dd72a35b72,3430833170669035478
80079500102,UserFirstName10_2,23f2f471c441d0697117547b40587206b3d7182e,3430833178655873970
80079500102,UserFirstName10_2,23f2f471c441d0697117547b40587206b3d7182e,3430833178655873970
8007950082,UserFirstName8_2,a01cee5a697ffeaeadf22ee60664cc76fe29b29c,3430833173732418688
8007950062,UserFirstName6_2,29ce825ad19086100152a671c69865dd72a35b72,3430833170669035478
80079500102,UserFirstName10_2,23f2f471c441d0697117547b40587206b3d7182e,3430833178655873970
80079500102,UserFirstName10_2,23f2f471c441d0697117547b40587206b3d7182e,3430833178655873970
8007950082,UserFirstName8_2,a01cee5a697ffeaeadf22ee60664cc76fe29b29c,3430833173732418688
8007950062,UserFirstName6_2,29ce825ad19086100152a671c69865dd72a35b72,3430833170669035478
80079500102,UserFirstName10_2,23f2f471c441d0697117547b40587206b3d7182e,3430833178655873970
80079500102,UserFirstName10_2,23f2f471c441d0697117547b40587206b3d7182e,3430833178655873970
8007950082,UserFirstName8_2,a01cee5a697ffeaeadf22ee60664cc76fe29b29c,3430833173732418688
8007950062,UserFirstName6_2,29ce825ad19086100152a671c69865dd72a35b72,3430833170669035478
80079500102,UserFirstName10_2,23f2f471c441d0697117547b40587206b3d7182e,3430833178655873970
80079500102,UserFirstName10_2,23f2f471c441d0697117547b40587206b3d7182e,3430833178655873970
8007950082,UserFirstName8_2,a01cee5a697ffeaeadf22ee60664cc76fe29b29c,3430833173732418688
8007950062,UserFirstName6_2,29ce825ad19086100152a671c69865dd72a35b72,3430833170669035478
80079500102,UserFirstName10_2,23f2f471c441d0697117547b40587206b3d7182e,3430833178655873970
80079500102,UserFirstName10_2,23f2f471c441d0697117547b40587206b3d7182e,3430833178655873970
8007950082,UserFirstName8_2,a01cee5a697ffeaeadf22ee60664cc76fe29b29c,3430833173732418688
8007950062,UserFirstName6_2,29ce825ad19086100152a671c69865dd72a35b72,3430833170669035478
80079500102,UserFirstName10_2,23f2f471c441d0697117547b40587206b3d7182e,3430833178655873970
80079500102,UserFirstName10_2,23f2f471c441d0697117547b40587206b3d7182e,3430833178655873970
8007950082,UserFirstName8_2,a01cee5a697ffeaeadf22ee60664cc76fe29b29c,3430833173732418688
8007950062,UserFirstName6_2,29ce825ad19086100152a671c69865dd72a35b72,3430833170669035478
80079500102,UserFirstName10_2,23f2f471c441d0697117547b40587206b3d7182e,3430833178655873970
8007950062,UserFirstName6_2,29ce825ad19086100152a671c69865dd72a35b72,3430833170669035478
80079500102,UserFirstName10_2,23f2f471c441d0697117547b40587206b3d7182e,3430833178655873970
80079500102,UserFirstName10_2,23f2f471c441d0697117547b40587206b3d7182e,3430833178655873970
8007950082,UserFirstName8_2,a01cee5a697ffeaeadf22ee60664cc76fe29b29c,3430833173732418688
8007950062,UserFirstName6_2,29ce825ad19086100152a671c69865dd72a35b72,3430833170669035478
80079500102,UserFirstName10_2,23f2f471c441d0697117547b40587206b3d7182e,3430833178655873970
80079500102,UserFirstName10_2,23f2f471c441d0697117547b40587206b3d7182e,3430833178655873970
8007950082,UserFirstName8_2,a01cee5a697ffeaeadf22ee60664cc76fe29b29c,3430833173732418688
8007950062,UserFirstName6_2,29ce825ad19086100152a671c69865dd72a35b72,3430833170669035478
80079500102,UserFirstName10_2,23f2f471c441d0697117547b40587206b3d7182e,3430833178655873970
80079500102,UserFirstName10_2,23f2f471c441d0697117547b40587206b3d7182e,3430833178655873970
8007950082,UserFirstName8_2,a01cee5a697ffeaeadf22ee60664cc76fe29b29c,3430833173732418688
80079500102,UserFirstName10_2,23f2f471c441d0697117547b40587206b3d7182e,3430833178655873970
8007950082,UserFirstName8_2,a01cee5a697ffeaeadf22ee60664cc76fe29b29c,3430833173732418688
8007950062,UserFirstName6_2,29ce825ad19086100152a671c69865dd72a35b72,3430833170669035478
80079500102,UserFirstName10_2,23f2f471c441d0697117547b40587206b3d7182e,3430833178655873970
80079500102,UserFirstName10_2,23f2f471c441d0697117547b40587206b3d7182e,3430833178655873970
8007950082,UserFirstName8_2,a01cee5a697ffeaeadf22ee60664cc76fe29b29c,3430833173732418688
8007950062,UserFirstName6_2,29ce825ad19086100152a671c69865dd72a35b72,3430833170669035478
80079500102,UserFirstName10_2,23f2f471c441d0697117547b40587206b3d7182e,3430833178655873970
80079500102,UserFirstName10_2,23f2f471c441d0697117547b40587206b3d7182e,3430833178655873970
8007950082,UserFirstName8_2,a01cee5a697ffeaeadf22ee60664cc76fe29b29c,3430833173732418688
8007950062,UserFirstName6_2,29ce825ad19086100152a671c69865dd72a35b72,3430833170669035478
80079500102,UserFirstName10_2,23f2f471c441d0697117547b40587206b3d7182e,3430833178655873970
80079500102,UserFirstName10_2,23f2f471c441d0697117547b40587206b3d7182e,3430833178655873970
8007950082,UserFirstName8_2,a01cee5a697ffeaeadf22ee60664cc76fe29b29c,3430833173732418688
8007950062,UserFirstName6_2,29ce825ad19086100152a671c69865dd72a35b72,3430833170669035478
80079500102,UserFirstName10_2,23f2f471c441d0697117547b40587206b3d7182e,3430833178655873970
80079500102,UserFirstName10_2,23f2f471c441d0697117547b40587206b3d7182e,3430833178655873970
8007950082,UserFirstName8_2,a01cee5a697ffeaeadf22ee60664cc76fe29b29c,3430833173732418688
8007950062,UserFirstName6_2,29ce825ad19086100152a671c69865dd72a35b72,3430833170669035478
80079500102,UserFirstName10_2,23f2f471c441d0697117547b40587206b3d7182e,3430833178655873970
80079500102,UserFirstName10_2,23f2f471c441d0697117547b40587206b3d7182e,3430833178655873970
8007950082,UserFirstName8_2,a01cee5a697ffeaeadf22ee60664cc76fe29b29c,3430833173732418688
8007950062,UserFirstName6_2,29ce825ad19086100152a671c69865dd72a35b72,3430833170669035478
80079500102,UserFirstName10_2,23f2f471c441d0697117547b40587206b3d7182e,3430833178655873970
80079500102,UserFirstName10_2,23f2f471c441d0697117547b40587206b3d7182e,3430833178655873970
8007950082,UserFirstName8_2,a01cee5a697ffeaeadf22ee60664cc76fe29b29c,3430833173732418688
8007950062,UserFirstName6_2,29ce825ad19086100152a671c69865dd72a35b72,3430833170669035478
80079500102,UserFirstName10_2,23f2f471c441d0697117547b40587206b3d7182e,3430833178655873970
8007950062,UserFirstName6_2,29ce825ad19086100152a671c69865dd72a35b72,3430833170669035478
80079500102,UserFirstName10_2,23f2f471c441d0697117547b40587206b3d7182e,3430833178655873970
80079500102,UserFirstName10_2,23f2f471c441d0697117547b40587206b3d7182e,3430833178655873970
8007950082,UserFirstName8_2,a01cee5a697ffeaeadf22ee60664cc76fe29b29c,3430833173732418688
8007950062,UserFirstName6_2,29ce825ad19086100152a671c69865dd72a35b72,3430833170669035478
80079500102,UserFirstName10_2,23f2f471c441d0697117547b40587206b3d7182e,3430833178655873970
80079500102,UserFirstName10_2,23f2f471c441d0697117547b40587206b3d7182e,3430833178655873970
8007950082,UserFirstName8_2,a01cee5a697ffeaeadf22ee60664cc76fe29b29c,3430833173732418688
8007950062,UserFirstName6_2,29ce825ad19086100152a671c69865dd72a35b72,3430833170669035478
80079500102,UserFirstName10_2,23f2f471c441d0697117547b40587206b3d7182e,3430833178655873970
80079500102,UserFirstName10_2,23f2f471c441d0697117547b40587206b3d7182e,3430833178655873970
8007950082,UserFirstName8_2,a01cee5a697ffeaeadf22ee60664cc76fe29b29c,3430833173732418688
8007950062,UserFirstName6_2,29ce825ad19086100152a671c69865dd72a35b72,3430833170669035478
80079500102,UserFirstName10_2,23f2f471c441d0697117547b40587206b3d7182e,3430833178655873970
80079500102,UserFirstName10_2,23f2f471c441d0697117547b40587206b3d7182e,3430833178655873970
8007950082,UserFirstName8_2,a01cee5a697ffeaeadf22ee60664cc76fe29b29c,3430833173732418688
8007950062,UserFirstName6_2,29ce825ad19086100152a671c69865dd72a35b72,3430833170669035478
80079500102,UserFirstName10_2,23f2f471c441d0697117547b40587206b3d7182e,3430833178655873970
80079500102,UserFirstName10_2,23f2f471c441d0697117547b40587206b3d7182e,3430833178655873970
8007950082,UserFirstName8_2,a01cee5a697ffeaeadf22ee60664cc76fe29b29c,3430833173732418688
8007950062,UserFirstName6_2,29ce825ad19086100152a671c69865dd72a35b72,3430833170669035478
80079500102,UserFirstName10_2,23f2f471c441d0697117547b40587206b3d7182e,3430833178655873970
80079500102,UserFirstName10_2,23f2f471c441d0697117547b40587206b3d7182e,3430833178655873970
8007950082,UserFirstName8_2,a01cee5a697ffeaeadf22ee60664cc76fe29b29c,3430833173732418688
8007950062,UserFirstName6_2,29ce825ad19086100152a671c69865dd72a35b72,3430833170669035478
80079500102,UserFirstName10_2,23f2f471c441d0697117547b40587206b3d7182e,3430833178655873970
80079500102,UserFirstName10_2,23f2f471c441d0697117547b40587206b3d7182e,3430833178655873970
8007950082,UserFirstName8_2,a01cee5a697ffeaeadf22ee60664cc76fe29b29c,3430833173732418688
8007950062,UserFirstName6_2,29ce825ad19086100152a671c69865dd72a35b72,3430833170669035478
80079500102,UserFirstName10_2,23f2f471c441d0697117547b40587206b3d7182e,3430833178655873970
8007950062,UserFirstName6_2,29ce825ad19086100152a671c69865dd72a35b72,3430833170669035478
80079500102,UserFirstName10_2,23f2f471c441d0697117547b40587206b3d7182e,3430833178655873970
80079500102,UserFirstName10_2,23f2f471c441d0697117547b40587206b3d7182e,3430833178655873970
8007950082,UserFirstName8_2,a01cee5a697ffeaeadf22ee60664cc76fe29b29c,3430833173732418688
8007950062,UserFirstName6_2,29ce825ad19086100152a671c69865dd72a35b72,3430833170669035478
80079500102,UserFirstName10_2,23f2f471c441d0697117547b40587206b3d7182e,3430833178655873970
80079500102,UserFirstName10_2,23f2f471c441d0697117547b40587206b3d7182e,3430833178655873970
8007950082,UserFirstName8_2,a01cee5a697ffeaeadf22ee60664cc76fe29b29c,3430833173732418688
8007950062,UserFirstName6_2,29ce825ad19086100152a671c69865dd72a35b72,3430833170669035478
80079500102,UserFirstName10_2,23f2f471c441d0697117547b40587206b3d7182e,3430833178655873970
80079500102,UserFirstName10_2,23f2f471c441d0697117547b40587206b3d7182e,3430833178655873970
8007950082,UserFirstName8_2,a01cee5a697ffeaeadf22ee60664cc76fe29b29c,3430833173732418688
8007950062,UserFirstName6_2,29ce825ad19086100152a671c69865dd72a35b72,3430833170669035478
80079500102,UserFirstName10_2,23f2f471c441d0697117547b40587206b3d7182e,3430833178655873970
80079500102,UserFirstName10_2,23f2f471c441d0697117547b40587206b3d7182e,3430833178655873970
8007950082,UserFirstName8_2,a01cee5a697ffeaeadf22ee60664cc76fe29b29c,3430833173732418688
8007950062,UserFirstName6_2,29ce825ad19086100152a671c69865dd72a35b72,3430833170669035478
80079500102,UserFirstName10_2,23f2f471c441d0697117547b40587206b3d7182e,3430833178655873970
80079500102,UserFirstName10_2,23f2f471c441d0697117547b40587206b3d7182e,3430833178655873970
8007950082,UserFirstName8_2,a01cee5a697ffeaeadf22ee60664cc76fe29b29c,3430833173732418688
8007950062,UserFirstName6_2,29ce825ad19086100152a671c69865dd72a35b72,3430833170669035478
80079500102,UserFirstName10_2,23f2f471c441d0697117547b40587206b3d7182e,3430833178655873970
80079500102,UserFirstName10_2,23f2f471c441d0697117547b40587206b3d7182e,3430833178655873970
8007950082,UserFirstName8_2,a01cee5a697ffeaeadf22ee60664cc76fe29b29c,3430833173732418688
8007950062,UserFirstName6_2,29ce825ad19086100152a671c69865dd72a35b72,3430833170669035478
80079500102,UserFirstName10_2,23f2f471c441d0697117547b40587206b3d7182e,3430833178655873970
80079500102,UserFirstName10_2,23f2f471c441d0697117547b40587206b3d7182e,3430833178655873970
8007950082,UserFirstName8_2,a01cee5a697ffeaeadf22ee60664cc76fe29b29c,3430833173732418688
8007950062,UserFirstName6_2,29ce825ad19086100152a671c69865dd72a35b72,3430833170669035478
80079500102,UserFirstName10_2,23f2f471c441d0697117547b40587206b3d7182e,3430833178655873970
8007950062,UserFirstName6_2,29ce825ad19086100152a671c69865dd72a35b72,3430833170669035478
80079500102,UserFirstName10_2,23f2f471c441d0697117547b40587206b3d7182e,3430833178655873970
80079500102,UserFirstName10_2,23f2f471c441d0697117547b40587206b3d7182e,3430833178655873970
8007950082,UserFirstName8_2,a01cee5a697ffeaeadf22ee60664cc76fe29b29c,3430833173732418688
8007950062,UserFirstName6_2,29ce825ad19086100152a671c69865dd72a35b72,3430833170669035478
80079500102,UserFirstName10_2,23f2f471c441d0697117547b40587206b3d7182e,3430833178655873970
80079500102,UserFirstName10_2,23f2f471c441d0697117547b40587206b3d7182e,3430833178655873970
8007950082,UserFirstName8_2,a01cee5a697ffeaeadf22ee60664cc76fe29b29c,3430833173732418688
8007950062,UserFirstName6_2,29ce825ad19086100152a671c69865dd72a35b72,3430833170669035478
80079500102,UserFirstName10_2,23f2f471c441d0697117547b40587206b3d7182e,3430833178655873970
80079500102,UserFirstName10_2,23f2f471c441d0697117547b40587206b3d7182e,3430833178655873970
8007950082,UserFirstName8_2,a01cee5a697ffeaeadf22ee60664cc76fe29b29c,3430833173732418688
80079500102,UserFirstName10_2,23f2f471c441d0697117547b40587206b3d7182e,3430833178655873970
8007950082,UserFirstName8_2,a01cee5a697ffeaeadf22ee60664cc76fe29b29c,3430833173732418688
8007950062,UserFirstName6_2,29ce825ad19086100152a671c69865dd72a35b72,3430833170669035478
80079500102,UserFirstName10_2,23f2f471c441d0697117547b40587206b3d7182e,3430833178655873970
80079500102,UserFirstName10_2,23f2f471c441d0697117547b40587206b3d7182e,3430833178655873970
8007950082,UserFirstName8_2,a01cee5a697ffeaeadf22ee60664cc76fe29b29c,3430833173732418688
8007950062,UserFirstName6_2,29ce825ad19086100152a671c69865dd72a35b72,3430833170669035478
80079500102,UserFirstName10_2,23f2f471c441d0697117547b40587206b3d7182e,3430833178655873970
80079500102,UserFirstName10_2,23f2f471c441d0697117547b40587206b3d7182e,3430833178655873970
8007950082,UserFirstName8_2,a01cee5a697ffeaeadf22ee60664cc76fe29b29c,3430833173732418688
8007950062,UserFirstName6_2,29ce825ad19086100152a671c69865dd72a35b72,3430833170669035478
80079500102,UserFirstName10_2,23f2f471c441d0697117547b40587206b3d7182e,3430833178655873970
80079500102,UserFirstName10_2,23f2f471c441d0697117547b40587206b3d7182e,3430833178655873970
8007950082,UserFirstName8_2,a01cee5a697ffeaeadf22ee60664cc76fe29b29c,3430833173732418688
8007950062,UserFirstName6_2,29ce825ad19086100152a671c69865dd72a35b72,3430833170669035478
80079500102,UserFirstName10_2,23f2f471c441d0697117547b40587206b3d7182e,3430833178655873970
80079500102,UserFirstName10_2,23f2f471c441d0697117547b40587206b3d7182e,3430833178655873970
8007950082,UserFirstName8_2,a01cee5a697ffeaeadf22ee60664cc76fe29b29c,3430833173732418688
8007950062,UserFirstName6_2,29ce825ad19086100152a671c69865dd72a35b72,3430833170669035478
80079500102,UserFirstName10_2,23f2f471c441d0697117547b40587206b3d7182e,3430833178655873970
80079500102,UserFirstName10_2,23f2f471c441d0697117547b40587206b3d7182e,3430833178655873970
8007950082,UserFirstName8_2,a01cee5a697ffeaeadf22ee60664cc76fe29b29c,3430833173732418688
8007950062,UserFirstName6_2,29ce825ad19086100152a671c69865dd72a35b72,3430833170669035478
80079500102,UserFirstName10_2,23f2f471c441d0697117547b40587206b3d7182e,3430833178655873970
80079500102,UserFirstName10_2,23f2f471c441d0697117547b40587206b3d7182e,3430833178655873970
8007950082,UserFirstName8_2,a01cee5a697ffeaeadf22ee60664cc76fe29b29c,3430833173732418688
8007950062,UserFirstName6_2,29ce825ad19086100152a671c69865dd72a35b72,3430833170669035478
80079500102,UserFirstName10_2,23f2f471c441d0697117547b40587206b3d7182e,3430833178655873970
8007950062,UserFirstName6_2,29ce825ad19086100152a671c69865dd72a35b72,3430833170669035478
80079500102,UserFirstName10_2,23f2f471c441d0697117547b40587206b3d7182e,3430833178655873970
80079500102,UserFirstName10_2,23f2f471c441d0697117547b40587206b3d7182e,3430833178655873970
8007950082,UserFirstName8_2,a01cee5a697ffeaeadf22ee60664cc76fe29b29c,3430833173732418688
8007950062,UserFirstName6_2,29ce825ad19086100152a671c69865dd72a35b72,3430833170669035478
80079500102,UserFirstName10_2,23f2f471c441d0697117547b40587206b3d7182e,3430833178655873970
80079500102,UserFirstName10_2,23f2f471c441d0697117547b40587206b3d7182e,3430833178655873970
8007950082,UserFirstName8_2,a01cee5a697ffeaeadf22ee60664cc76fe29b29c,3430833173732418688
8007950062,UserFirstName6_2,29ce825ad19086100152a671c69865dd72a35b72,3430833170669035478
80079500102,UserFirstName10_2,23f2f471c441d0697117547b40587206b3d7182e,3430833178655873970
80079500102,UserFirstName10_2,23f2f471c441d0697117547b40587206b3d7182e,3430833178655873970
8007950082,UserFirstName8_2,a01cee5a697ffeaeadf22ee60664cc76fe29b29c,3430833173732418688
8007950062,UserFirstName6_2,29ce825ad19086100152a671c69865dd72a35b72,3430833170669035478
80079500102,UserFirstName10_2,23f2f471c441d0697117547b40587206b3d7182e,3430833178655873970
80079500102,UserFirstName10_2,23f2f471c441d0697117547b40587206b3d7182e,3430833178655873970
8007950082,UserFirstName8_2,a01cee5a697ffeaeadf22ee60664cc76fe29b29c,3430833173732418688
8007950062,UserFirstName6_2,29ce825ad19086100152a671c69865dd72a35b72,3430833170669035478
80079500102,UserFirstName10_2,23f2f471c441d0697117547b40587206b3d7182e,3430833178655873970
80079500102,UserFirstName10_2,23f2f471c441d0697117547b40587206b3d7182e,3430833178655873970
8007950082,UserFirstName8_2,a01cee5a697ffeaeadf22ee60664cc76fe29b29c,3430833173732418688
8007950062,UserFirstName6_2,29ce825ad19086100152a671c69865dd72a35b72,3430833170669035478
80079500102,UserFirstName10_2,23f2f471c441d0697117547b40587206b3d7182e,3430833178655873970
80079500102,UserFirstName10_2,23f2f471c441d0697117547b40587206b3d7182e,3430833178655873970
8007950082,UserFirstName8_2,a01cee5a697ffeaeadf22ee60664cc76fe29b29c,3430833173732418688
8007950062,UserFirstName6_2,29ce825ad19086100152a671c69865dd72a35b72,3430833170669035478
80079500102,UserFirstName10_2,23f2f471c441d0697117547b40587206b3d7182e,3430833178655873970
80079500102,UserFirstName10_2,23f2f471c441d0697117547b40587206b3d7182e,3430833178655873970
8007950082,UserFirstName8_2,a01cee5a697ffeaeadf22ee60664cc76fe29b29c,3430833173732418688
8007950062,UserFirstName6_2,29ce825ad19086100152a671c69865dd72a35b72,3430833170669035478
80079500102,UserFirstName10_2,23f2f471c441d0697117547b40587206b3d7182e,3430833178655873970
8007950062,UserFirstName6_2,29ce825ad19086100152a671c69865dd72a35b72,3430833170669035478
80079500102,UserFirstName10_2,23f2f471c441d0697117547b40587206b3d7182e,3430833178655873970
80079500102,UserFirstName10_2,23f2f471c441d0697117547b40587206b3d7182e,3430833178655873970
8007950082,UserFirstName8_2,a01cee5a697ffeaeadf22ee60664cc76fe29b29c,3430833173732418688
8007950062,UserFirstName6_2,29ce825ad19086100152a671c69865dd72a35b72,3430833170669035478
80079500102,UserFirstName10_2,23f2f471c441d0697117547b40587206b3d7182e,3430833178655873970
80079500102,UserFirstName10_2,23f2f471c441d0697117547b40587206b3d7182e,3430833178655873970
8007950082,UserFirstName8_2,a01cee5a697ffeaeadf22ee60664cc76fe29b29c,3430833173732418688
8007950062,UserFirstName6_2,29ce825ad19086100152a671c69865dd72a35b72,3430833170669035478
80079500102,UserFirstName10_2,23f2f471c441d0697117547b40587206b3d7182e,3430833178655873970
80079500102,UserFirstName10_2,23f2f471c441d0697117547b40587206b3d7182e,3430833178655873970
8007950082,UserFirstName8_2,a01cee5a697ffeaeadf22ee60664cc76fe29b29c,3430833173732418688
8007950062,UserFirstName6_2,29ce825ad19086100152a671c69865dd72a35b72,3430833170669035478
80079500102,UserFirstName10_2,23f2f471c441d0697117547b40587206b3d7182e,3430833178655873970
80079500102,UserFirstName10_2,23f2f471c441d0697117547b40587206b3d7182e,3430833178655873970
8007950082,UserFirstName8_2,a01cee5a697ffeaeadf22ee60664cc76fe29b29c,3430833173732418688
8007950062,UserFirstName6_2,29ce825ad19086100152a671c69865dd72a35b72,3430833170669035478
80079500102,UserFirstName10_2,23f2f471c441d0697117547b40587206b3d7182e,3430833178655873970
80079500102,UserFirstName10_2,23f2f471c441d0697117547b40587206b3d7182e,3430833178655873970
8007950082,UserFirstName8_2,a01cee5a697ffeaeadf22ee60664cc76fe29b29c,3430833173732418688
8007950062,UserFirstName6_2,29ce825ad19086100152a671c69865dd72a35b72,3430833170669035478
80079500102,UserFirstName10_2,23f2f471c441d0697117547b40587206b3d7182e,3430833178655873970
80079500102,UserFirstName10_2,23f2f471c441d0697117547b40587206b3d7182e,3430833178655873970
8007950082,UserFirstName8_2,a01cee5a697ffeaeadf22ee60664cc76fe29b29c,3430833173732418688
8007950062,UserFirstName6_2,29ce825ad19086100152a671c69865dd72a35b72,3430833170669035478
80079500102,UserFirstName10_2,23f2f471c441d0697117547b40587206b3d7182e,3430833178655873970
80079500102,UserFirstName10_2,23f2f471c441d0697117547b40587206b3d7182e,3430833178655873970
8007950082,UserFirstName8_2,a01cee5a697ffeaeadf22ee60664cc76fe29b29c,3430833173732418688
8007950062,UserFirstName6_2,29ce825ad19086100152a671c69865dd72a35b72,3430833170669035478
80079500102,UserFirstName10_2,23f2f471c441d0697117547b40587206b3d7182e,3430833178655873970
8007950062,UserFirstName6_2,29ce825ad19086100152a671c69865dd72a35b72,3430833170669035478
80079500102,UserFirstName10_2,23f2f471c441d0697117547b40587206b3d7182e,3430833178655873970
80079500102,UserFirstName10_2,23f2f471c441d0697117547b40587206b3d7182e,3430833178655873970
8007950082,UserFirstName8_2,a01cee5a697ffeaeadf22ee60664cc76fe29b29c,3430833173732418688
8007950062,UserFirstName6_2,29ce825ad19086100152a671c69865dd72a35b72,3430833170669035478
80079500102,UserFirstName10_2,23f2f471c441d0697117547b40587206b3d7182e,3430833178655873970
80079500102,UserFirstName10_2,23f2f471c441d0697117547b40587206b3d7182e,3430833178655873970
8007950082,UserFirstName8_2,a01cee5a697ffeaeadf22ee60664cc76fe29b29c,3430833173732418688
8007950062,UserFirstName6_2,29ce825ad19086100152a671c69865dd72a35b72,3430833170669035478
80079500102,UserFirstName10_2,23f2f471c441d0697117547b40587206b3d7182e,3430833178655873970
80079500102,UserFirstName10_2,23f2f471c441d0697117547b40587206b3d7182e,3430833178655873970
8007950082,UserFirstName8_2,a01cee5a697ffeaeadf22ee60664cc76fe29b29c,3430833173732418688
80079500102,UserFirstName10_2,23f2f471c441d0697117547b40587206b3d7182e,3430833178655873970
8007950082,UserFirstName8_2,a01cee5a697ffeaeadf22ee60664cc76fe29b29c,3430833173732418688
8007950062,UserFirstName6_2,29ce825ad19086100152a671c69865dd72a35b72,3430833170669035478
80079500102,UserFirstName10_2,23f2f471c441d0697117547b40587206b3d7182e,3430833178655873970
80079500102,UserFirstName10_2,23f2f471c441d0697117547b40587206b3d7182e,3430833178655873970
8007950082,UserFirstName8_2,a01cee5a697ffeaeadf22ee60664cc76fe29b29c,3430833173732418688
8007950062,UserFirstName6_2,29ce825ad19086100152a671c69865dd72a35b72,3430833170669035478
80079500102,UserFirstName10_2,23f2f471c441d0697117547b40587206b3d7182e,3430833178655873970
80079500102,UserFirstName10_2,23f2f471c441d0697117547b40587206b3d7182e,3430833178655873970
8007950082,UserFirstName8_2,a01cee5a697ffeaeadf22ee60664cc76fe29b29c,3430833173732418688
8007950062,UserFirstName6_2,29ce825ad19086100152a671c69865dd72a35b72,3430833170669035478
80079500102,UserFirstName10_2,23f2f471c441d0697117547b40587206b3d7182e,3430833178655873970
80079500102,UserFirstName10_2,23f2f471c441d0697117547b40587206b3d7182e,3430833178655873970
8007950082,UserFirstName8_2,a01cee5a697ffeaeadf22ee60664cc76fe29b29c,3430833173732418688
8007950062,UserFirstName6_2,29ce825ad19086100152a671c69865dd72a35b72,3430833170669035478
80079500102,UserFirstName10_2,23f2f471c441d0697117547b40587206b3d7182e,3430833178655873970
80079500102,UserFirstName10_2,23f2f471c441d0697117547b40587206b3d7182e,3430833178655873970
8007950082,UserFirstName8_2,a01cee5a697ffeaeadf22ee60664cc76fe29b29c,3430833173732418688
8007950062,UserFirstName6_2,29ce825ad19086100152a671c69865dd72a35b72,3430833170669035478
80079500102,UserFirstName10_2,23f2f471c441d0697117547b40587206b3d7182e,3430833178655873970
80079500102,UserFirstName10_2,23f2f471c441d0697117547b40587206b3d7182e,3430833178655873970
8007950082,UserFirstName8_2,a01cee5a697ffeaeadf22ee60664cc76fe29b29c,3430833173732418688
8007950062,UserFirstName6_2,29ce825ad19086100152a671c69865dd72a35b72,3430833170669035478
80079500102,UserFirstName10_2,23f2f471c441d0697117547b40587206b3d7182e,3430833178655873970
80079500102,UserFirstName10_2,23f2f471c441d0697117547b40587206b3d7182e,3430833178655873970
8007950082,UserFirstName8_2,a01cee5a697ffeaeadf22ee60664cc76fe29b29c,3430833173732418688
8007950062,UserFirstName6_2,29ce825ad19086100152a671c69865dd72a35b72,3430833170669035478
80079500102,UserFirstName10_2,23f2f471c441d0697117547b40587206b3d7182e,3430833178655873970
8007950062,UserFirstName6_2,29ce825ad19086100152a671c69865dd72a35b72,3430833170669035478
80079500102,UserFirstName10_2,23f2f471c441d0697117547b40587206b3d7182e,3430833178655873970
80079500102,UserFirstName10_2,23f2f471c441d0697117547b40587206b3d7182e,3430833178655873970
8007950082,UserFirstName8_2,a01cee5a697ffeaeadf22ee60664cc76fe29b29c,3430833173732418688
8007950062,UserFirstName6_2,29ce825ad19086100152a671c69865dd72a35b72,3430833170669035478
80079500102,UserFirstName10_2,23f2f471c441d0697117547b40587206b3d7182e,3430833178655873970
80079500102,UserFirstName10_2,23f2f471c441d0697117547b40587206b3d7182e,3430833178655873970
8007950082,UserFirstName8_2,a01cee5a697ffeaeadf22ee60664cc76fe29b29c,3430833173732418688
8007950062,UserFirstName6_2,29ce825ad19086100152a671c69865dd72a35b72,3430833170669035478
80079500102,UserFirstName10_2,23f2f471c441d0697117547b40587206b3d7182e,3430833178655873970
80079500102,UserFirstName10_2,23f2f471c441d0697117547b40587206b3d7182e,3430833178655873970
8007950082,UserFirstName8_2,a01cee5a697ffeaeadf22ee60664cc76fe29b29c,3430833173732418688
8007950062,UserFirstName6_2,29ce825ad19086100152a671c69865dd72a35b72,3430833170669035478
80079500102,UserFirstName10_2,23f2f471c441d0697117547b40587206b3d7182e,3430833178655873970
80079500102,UserFirstName10_2,23f2f471c441d0697117547b40587206b3d7182e,3430833178655873970
8007950082,UserFirstName8_2,a01cee5a697ffeaeadf22ee60664cc76fe29b29c,3430833173732418688
8007950062,UserFirstName6_2,29ce825ad19086100152a671c69865dd72a35b72,3430833170669035478
80079500102,UserFirstName10_2,23f2f471c441d0697117547b40587206b3d7182e,3430833178655873970
80079500102,UserFirstName10_2,23f2f471c441d0697117547b40587206b3d7182e,3430833178655873970
8007950082,UserFirstName8_2,a01cee5a697ffeaeadf22ee60664cc76fe29b29c,3430833173732418688
8007950062,UserFirstName6_2,29ce825ad19086100152a671c69865dd72a35b72,3430833170669035478
80079500102,UserFirstName10_2,23f2f471c441d0697117547b40587206b3d7182e,3430833178655873970
80079500102,UserFirstName10_2,23f2f471c441d0697117547b40587206b3d7182e,3430833178655873970
8007950082,UserFirstName8_2,a01cee5a697ffeaeadf22ee60664cc76fe29b29c,3430833173732418688
8007950062,UserFirstName6_2,29ce825ad19086100152a671c69865dd72a35b72,3430833170669035478
80079500102,UserFirstName10_2,23f2f471c441d0697117547b40587206b3d7182e,3430833178655873970
80079500102,UserFirstName10_2,23f2f471c441d0697117547b40587206b3d7182e,3430833178655873970
8007950082,UserFirstName8_2,a01cee5a697ffeaeadf22ee60664cc76fe29b29c,3430833173732418688
8007950062,UserFirstName6_2,29ce825ad19086100152a671c69865dd72a35b72,3430833170669035478
80079500102,UserFirstName10_2,23f2f471c441d0697117547b40587206b3d7182e,3430833178655873970
8007950062,UserFirstName6_2,29ce825ad19086100152a671c69865dd72a35b72,3430833170669035478
80079500102,UserFirstName10_2,23f2f471c441d0697117547b40587206b3d7182e,3430833178655873970
80079500102,UserFirstName10_2,23f2f471c441d0697117547b40587206b3d7182e,3430833178655873970
8007950082,UserFirstName8_2,a01cee5a697ffeaeadf22ee60664cc76fe29b29c,3430833173732418688
8007950062,UserFirstName6_2,29ce825ad19086100152a671c69865dd72a35b72,3430833170669035478
80079500102,UserFirstName10_2,23f2f471c441d0697117547b40587206b3d7182e,3430833178655873970
80079500102,UserFirstName10_2,23f2f471c441d0697117547b40587206b3d7182e,3430833178655873970
8007950082,UserFirstName8_2,a01cee5a697ffeaeadf22ee60664cc76fe29b29c,3430833173732418688
8007950062,UserFirstName6_2,29ce825ad19086100152a671c69865dd72a35b72,3430833170669035478
80079500102,UserFirstName10_2,23f2f471c441d0697117547b40587206b3d7182e,3430833178655873970
80079500102,UserFirstName10_2,23f2f471c441d0697117547b40587206b3d7182e,3430833178655873970
8007950082,UserFirstName8_2,a01cee5a697ffeaeadf22ee60664cc76fe29b29c,3430833173732418688
8007950062,UserFirstName6_2,29ce825ad19086100152a671c69865dd72a35b72,3430833170669035478
80079500102,UserFirstName10_2,23f2f471c441d0697117547b40587206b3d7182e,3430833178655873970
80079500102,UserFirstName10_2,23f2f471c441d0697117547b40587206b3d7182e,3430833178655873970
8007950082,UserFirstName8_2,a01cee5a697ffeaeadf22ee60664cc76fe29b29c,3430833173732418688
8007950062,UserFirstName6_2,29ce825ad19086100152a671c69865dd72a35b72,3430833170669035478
80079500102,UserFirstName10_2,23f2f471c441d0697117547b40587206b3d7182e,3430833178655873970
80079500102,UserFirstName10_2,23f2f471c441d0697117547b40587206b3d7182e,3430833178655873970
8007950082,UserFirstName8_2,a01cee5a697ffeaeadf22ee60664cc76fe29b29c,3430833173732418688
8007950062,UserFirstName6_2,29ce825ad19086100152a671c69865dd72a35b72,3430833170669035478
80079500102,UserFirstName10_2,23f2f471c441d0697117547b40587206b3d7182e,3430833178655873970
80079500102,UserFirstName10_2,23f2f471c441d0697117547b40587206b3d7182e,3430833178655873970
8007950082,UserFirstName8_2,a01cee5a697ffeaeadf22ee60664cc76fe29b29c,3430833173732418688
8007950062,UserFirstName6_2,29ce825ad19086100152a671c69865dd72a35b72,3430833170669035478
80079500102,UserFirstName10_2,23f2f471c441d0697117547b40587206b3d7182e,3430833178655873970
80079500102,UserFirstName10_2,23f2f471c441d0697117547b40587206b3d7182e,3430833178655873970
8007950082,UserFirstName8_2,a01cee5a697ffeaeadf22ee60664cc76fe29b29c,3430833173732418688
8007950062,UserFirstName6_2,29ce825ad19086100152a671c69865dd72a35b72,3430833170669035478
80079500102,UserFirstName10_2,23f2f471c441d0697117547b40587206b3d7182e,3430833178655873970
8007950062,UserFirstName6_2,29ce825ad19086100152a671c69865dd72a35b72,3430833170669035478
80079500102,UserFirstName10_2,23f2f471c441d0697117547b40587206b3d7182e,3430833178655873970
80079500102,UserFirstName10_2,23f2f471c441d0697117547b40587206b3d7182e,3430833178655873970
8007950082,UserFirstName8_2,a01cee5a697ffeaeadf22ee60664cc76fe29b29c,3430833173732418688
8007950062,UserFirstName6_2,29ce825ad19086100152a671c69865dd72a35b72,3430833170669035478
80079500102,UserFirstName10_2,23f2f471c441d0697117547b40587206b3d7182e,3430833178655873970
80079500102,UserFirstName10_2,23f2f471c441d0697117547b40587206b3d7182e,3430833178655873970
8007950082,UserFirstName8_2,a01cee5a697ffeaeadf22ee60664cc76fe29b29c,3430833173732418688
8007950062,UserFirstName6_2,29ce825ad19086100152a671c69865dd72a35b72,3430833170669035478
80079500102,UserFirstName10_2,23f2f471c441d0697117547b40587206b3d7182e,3430833178655873970
80079500102,UserFirstName10_2,23f2f471c441d0697117547b40587206b3d7182e,3430833178655873970
8007950082,UserFirstName8_2,a01cee5a697ffeaeadf22ee60664cc76fe29b29c,3430833173732418688
80079500102,UserFirstName10_2,23f2f471c441d0697117547b40587206b3d7182e,3430833178655873970
8007950082,UserFirstName8_2,a01cee5a697ffeaeadf22ee60664cc76fe29b29c,3430833173732418688
8007950062,UserFirstName6_2,29ce825ad19086100152a671c69865dd72a35b72,3430833170669035478
80079500102,UserFirstName10_2,23f2f471c441d0697117547b40587206b3d7182e,3430833178655873970
80079500102,UserFirstName10_2,23f2f471c441d0697117547b40587206b3d7182e,3430833178655873970
8007950082,UserFirstName8_2,a01cee5a697ffeaeadf22ee60664cc76fe29b29c,3430833173732418688
8007950062,UserFirstName6_2,29ce825ad19086100152a671c69865dd72a35b72,3430833170669035478
80079500102,UserFirstName10_2,23f2f471c441d0697117547b40587206b3d7182e,3430833178655873970
80079500102,UserFirstName10_2,23f2f471c441d0697117547b40587206b3d7182e,3430833178655873970
8007950082,UserFirstName8_2,a01cee5a697ffeaeadf22ee60664cc76fe29b29c,3430833173732418688
8007950062,UserFirstName6_2,29ce825ad19086100152a671c69865dd72a35b72,3430833170669035478
80079500102,UserFirstName10_2,23f2f471c441d0697117547b40587206b3d7182e,3430833178655873970
80079500102,UserFirstName10_2,23f2f471c441d0697117547b40587206b3d7182e,3430833178655873970
8007950082,UserFirstName8_2,a01cee5a697ffeaeadf22ee60664cc76fe29b29c,3430833173732418688
8007950062,UserFirstName6_2,29ce825ad19086100152a671c69865dd72a35b72,3430833170669035478
80079500102,UserFirstName10_2,23f2f471c441d0697117547b40587206b3d7182e,3430833178655873970
80079500102,UserFirstName10_2,23f2f471c441d0697117547b40587206b3d7182e,3430833178655873970
8007950082,UserFirstName8_2,a01cee5a697ffeaeadf22ee60664cc76fe29b29c,3430833173732418688
8007950062,UserFirstName6_2,29ce825ad19086100152a671c69865dd72a35b72,3430833170669035478
80079500102,UserFirstName10_2,23f2f471c441d0697117547b40587206b3d7182e,3430833178655873970
80079500102,UserFirstName10_2,23f2f471c441d0697117547b40587206b3d7182e,3430833178655873970
8007950082,UserFirstName8_2,a01cee5a697ffeaeadf22ee60664cc76fe29b29c,3430833173732418688
8007950062,UserFirstName6_2,29ce825ad19086100152a671c69865dd72a35b72,3430833170669035478
80079500102,UserFirstName10_2,23f2f471c441d0697117547b40587206b3d7182e,3430833178655873970
80079500102,UserFirstName10_2,23f2f471c441d0697117547b40587206b3d7182e,3430833178655873970
8007950082,UserFirstName8_2,a01cee5a697ffeaeadf22ee60664cc76fe29b29c,3430833173732418688
8007950062,UserFirstName6_2,29ce825ad19086100152a671c69865dd72a35b72,3430833170669035478
80079500102,UserFirstName10_2,23f2f471c441d0697117547b40587206b3d7182e,3430833178655873970
8007950062,UserFirstName6_2,29ce825ad19086100152a671c69865dd72a35b72,3430833170669035478
80079500102,UserFirstName10_2,23f2f471c441d0697117547b40587206b3d7182e,3430833178655873970
80079500102,UserFirstName10_2,23f2f471c441d0697117547b40587206b3d7182e,3430833178655873970
8007950082,UserFirstName8_2,a01cee5a697ffeaeadf22ee60664cc76fe29b29c,3430833173732418688
8007950062,UserFirstName6_2,29ce825ad19086100152a671c69865dd72a35b72,3430833170669035478
80079500102,UserFirstName10_2,23f2f471c441d0697117547b40587206b3d7182e,3430833178655873970
80079500102,UserFirstName10_2,23f2f471c441d0697117547b40587206b3d7182e,3430833178655873970
8007950082,UserFirstName8_2,a01cee5a697ffeaeadf22ee60664cc76fe29b29c,3430833173732418688
8007950062,UserFirstName6_2,29ce825ad19086100152a671c69865dd72a35b72,3430833170669035478
80079500102,UserFirstName10_2,23f2f471c441d0697117547b40587206b3d7182e,3430833178655873970
80079500102,UserFirstName10_2,23f2f471c441d0697117547b40587206b3d7182e,3430833178655873970
8007950082,UserFirstName8_2,a01cee5a697ffeaeadf22ee60664cc76fe29b29c,3430833173732418688
8007950062,UserFirstName6_2,29ce825ad19086100152a671c69865dd72a35b72,3430833170669035478
80079500102,UserFirstName10_2,23f2f471c441d0697117547b40587206b3d7182e,3430833178655873970
80079500102,UserFirstName10_2,23f2f471c441d0697117547b40587206b3d7182e,3430833178655873970
8007950082,UserFirstName8_2,a01cee5a697ffeaeadf22ee60664cc76fe29b29c,3430833173732418688
8007950062,UserFirstName6_2,29ce825ad19086100152a671c69865dd72a35b72,3430833170669035478
80079500102,UserFirstName10_2,23f2f471c441d0697117547b40587206b3d7182e,3430833178655873970
80079500102,UserFirstName10_2,23f2f471c441d0697117547b40587206b3d7182e,3430833178655873970
8007950082,UserFirstName8_2,a01cee5a697ffeaeadf22ee60664cc76fe29b29c,3430833173732418688
8007950062,UserFirstName6_2,29ce825ad19086100152a671c69865dd72a35b72,3430833170669035478
80079500102,UserFirstName10_2,23f2f471c441d0697117547b40587206b3d7182e,3430833178655873970
80079500102,UserFirstName10_2,23f2f471c441d0697117547b40587206b3d7182e,3430833178655873970
8007950082,UserFirstName8_2,a01cee5a697ffeaeadf22ee60664cc76fe29b29c,3430833173732418688
8007950062,UserFirstName6_2,29ce825ad19086100152a671c69865dd72a35b72,3430833170669035478
80079500102,UserFirstName10_2,23f2f471c441d0697117547b40587206b3d7182e,3430833178655873970
80079500102,UserFirstName10_2,23f2f471c441d0697117547b40587206b3d7182e,3430833178655873970
8007950082,UserFirstName8_2,a01cee5a697ffeaeadf22ee60664cc76fe29b29c,3430833173732418688
8007950062,UserFirstName6_2,29ce825ad19086100152a671c69865dd72a35b72,3430833170669035478
80079500102,UserFirstName10_2,23f2f471c441d0697117547b40587206b3d7182e,3430833178655873970
8007950062,UserFirstName6_2,29ce825ad19086100152a671c69865dd72a35b72,3430833170669035478
80079500102,UserFirstName10_2,23f2f471c441d0697117547b40587206b3d7182e,3430833178655873970
80079500102,UserFirstName10_2,23f2f471c441d0697117547b40587206b3d7182e,3430833178655873970
8007950082,UserFirstName8_2,a01cee5a697ffeaeadf22ee60664cc76fe29b29c,3430833173732418688
8007950062,UserFirstName6_2,29ce825ad19086100152a671c69865dd72a35b72,3430833170669035478
80079500102,UserFirstName10_2,23f2f471c441d0697117547b40587206b3d7182e,3430833178655873970
80079500102,UserFirstName10_2,23f2f471c441d0697117547b40587206b3d7182e,3430833178655873970
8007950082,UserFirstName8_2,a01cee5a697ffeaeadf22ee60664cc76fe29b29c,3430833173732418688
8007950062,UserFirstName6_2,29ce825ad19086100152a671c69865dd72a35b72,3430833170669035478
80079500102,UserFirstName10_2,23f2f471c441d0697117547b40587206b3d7182e,3430833178655873970
80079500102,UserFirstName10_2,23f2f471c441d0697117547b40587206b3d7182e,3430833178655873970
8007950082,UserFirstName8_2,a01cee5a697ffeaeadf22ee60664cc76fe29b29c,3430833173732418688
8007950062,UserFirstName6_2,29ce825ad19086100152a671c69865dd72a35b72,3430833170669035478
80079500102,UserFirstName10_2,23f2f471c441d0697117547b40587206b3d7182e,3430833178655873970
80079500102,UserFirstName10_2,23f2f471c441d0697117547b40587206b3d7182e,3430833178655873970
8007950082,UserFirstName8_2,a01cee5a697ffeaeadf22ee60664cc76fe29b29c,3430833173732418688
8007950062,UserFirstName6_2,29ce825ad19086100152a671c69865dd72a35b72,3430833170669035478
80079500102,UserFirstName10_2,23f2f471c441d0697117547b40587206b3d7182e,3430833178655873970
80079500102,UserFirstName10_2,23f2f471c441d0697117547b40587206b3d7182e,3430833178655873970
8007950082,UserFirstName8_2,a01cee5a697ffeaeadf22ee60664cc76fe29b29c,3430833173732418688
8007950062,UserFirstName6_2,29ce825ad19086100152a671c69865dd72a35b72,3430833170669035478
80079500102,UserFirstName10_2,23f2f471c441d0697117547b40587206b3d7182e,3430833178655873970
80079500102,UserFirstName10_2,23f2f471c441d0697117547b40587206b3d7182e,3430833178655873970
8007950082,UserFirstName8_2,a01cee5a697ffeaeadf22ee60664cc76fe29b29c,3430833173732418688
8007950062,UserFirstName6_2,29ce825ad19086100152a671c69865dd72a35b72,3430833170669035478
80079500102,UserFirstName10_2,23f2f471c441d0697117547b40587206b3d7182e,3430833178655873970
80079500102,UserFirstName10_2,23f2f471c441d0697117547b40587206b3d7182e,3430833178655873970
8007950082,UserFirstName8_2,a01cee5a697ffeaeadf22ee60664cc76fe29b29c,3430833173732418688
8007950062,UserFirstName6_2,29ce825ad19086100152a671c69865dd72a35b72,3430833170669035478
80079500102,UserFirstName10_2,23f2f471c441d0697117547b40587206b3d7182e,3430833178655873970
8007950062,UserFirstName6_2,29ce825ad19086100152a671c69865dd72a35b72,3430833170669035478
80079500102,UserFirstName10_2,23f2f471c441d0697117547b40587206b3d7182e,3430833178655873970
80079500102,UserFirstName10_2,23f2f471c441d0697117547b40587206b3d7182e,3430833178655873970
8007950082,UserFirstName8_2,a01cee5a697ffeaeadf22ee60664cc76fe29b29c,3430833173732418688
8007950062,UserFirstName6_2,29ce825ad19086100152a671c69865dd72a35b72,3430833170669035478
80079500102,UserFirstName10_2,23f2f471c441d0697117547b40587206b3d7182e,3430833178655873970
80079500102,UserFirstName10_2,23f2f471c441d0697117547b40587206b3d7182e,3430833178655873970
8007950082,UserFirstName8_2,a01cee5a697ffeaeadf22ee60664cc76fe29b29c,3430833173732418688
8007950062,UserFirstName6_2,29ce825ad19086100152a671c69865dd72a35b72,3430833170669035478
80079500102,UserFirstName10_2,23f2f471c441d0697117547b40587206b3d7182e,3430833178655873970
80079500102,UserFirstName10_2,23f2f471c441d0697117547b40587206b3d7182e,3430833178655873970
8007950082,UserFirstName8_2,a01cee5a697ffeaeadf22ee60664cc76fe29b29c,3430833173732418688
